media-source,campaign,impressions,clicks,installs appsflyer,installs-ua appsflyer,installs-reattr appsflyer,installs-retarget appsflyer,installs-cost,ecpi appsflyer,revenue activity days cumulative appsflyer,revenue ltv days cumulative appsflyer,roas 1 days cumulative appsflyer,roas 7 days cumulative appsflyer,roas ltv days cumulative appsflyer,retention-rate 1 days on-period appsflyer,retention-rate 3 days on-period appsflyer,unique-users ltv days cumulative appsflyer EVENT_NAME_PLACEHOLDER,ecpa ltv days cumulative appsflyer EVENT_NAME_PLACEHOLDER,revenue ltv days cumulative appsflyer EVENT_NAME_PLACEHOLDER
organic,None,,,207038,207038,,,,,,2212831.7557703275,,,,,,,,
googleadwords_int,None,,,34205,,,34205,,,,95417.7368503,,,,,,,,
website-thortful,web-promo-code-error,,48149,27155,27155,,,,,,188378.63429388998,,,,,,,,
google_organic_seo,None,,26628,26603,,,26603,,,,101718.46396348,,,,,,,,
googleadwords_int,SER|RET|Brand - Pure Brand - EX,1573,1241,18374,100,42,18232,237.05963200000005,0.012901906607162297,,78249.66568804,,,330.08431265952515,,,,,
googleadwords_int,SHP|ACQ|All Products - Generics,9280818,111393,16942,6,35,16901,32263.889800000004,1.9043731436666276,,32783.83152621,,,1.0161152833534037,,,,,
website-thortful,web-PDP-download-CTA-fday30-202,,24517,13459,13459,,,,,,64643.943044720014,,,,,,,,
website-thortful,web-PDP-MDAY-NEWAPP25,,23473,11836,11836,,,,,,58200.25536852999,,,,,,,,
website-thortful,web-PDP-download-CTA,,19190,11233,11233,,,,,,89421.16995579,,,,,,,,
googleadwords_int,SER|ACQ|Brand - EX,101682,82124,10873,90,67,10716,17196.699126,1.5815965350869126,,38060.169203310004,,,2.213225277970128,,,,,
website-thortful,web-footer-download-button,,19357,8471,8471,,,,,,64343.10454673,,,,,,,,
googleadwords_int,APP|ACQ|Downloads - Android,,,7753,7752,1,,,,,31726.82,,,,,,,,
website-thortful,web-PLP-download-MODAL-mday25,,8416,4881,4570,25,286,,,,33959.106552,,,,,,,,
website-thortful,web-PDP-download-MODAL-fday40-2024,,8246,4654,4654,,,,,,32186.797247740004,,,,,,,,
website-thortful,web-PDP-download-MODAL-fday30-2024,,7468,4129,4129,,,,,,30994.45674137,,,,,,,,
website-thortful,web-PLP-download-modal,,5782,3659,3659,,,,,,35831.35651577,,,,,,,,
website-thortful,web-PLP-download-BANNER-bday-faceswap,,10312,3134,3134,,,,,,21747.359124920004,,,,,,,,
website-thortful,web-PLP-download-MODAL-fday40-2024,,5319,3008,2997,2,9,,,,25220.285088239998,,,,,,,,
Facebook Ads,Vday25 - FS android APPINSTALL - Acquisition – Copy,,,2705,2702,,3,,,,619.18,,,,,,,,
website-thortful,web-PLP-download-MODAL-fday30-2024,,4665,2537,2537,,,,,,21460.316166039996,,,,,,,,
googleadwords_int,SHP|ACQ|Zombie,1032727,12017,2433,6,4,2423,4071.569997,1.6734771874229346,,6185.4860649,,,1.519189420655317,,,,,
website-thortful,web-postpurchase-download-banner-app20,,7530,2078,2078,,,,,,17648.51305366,,,,,,,,
googleadwords_int,SHP|ACQ|Valentine's Day 25,,,2006,,4,2002,,,,4705.19875454,,,,,,,,
website-thortful,web-homepage-download-banne-app20r,,3493,1850,1850,,,,,,12993.883120989998,,,,,,,,
googleadwords_int,SER|ACQ|Birthday - MM,104601,17779,1798,5,7,1786,25888.699459000007,14.398609265294775,,3879.70472168,,,0.14986093557246077,,,,,
googleadwords_int,SHP|ACQ|Christmas 24,,,1787,2,2,1783,,,,3345.3855271400002,,,,,,,,
googleadwords_int,SHP|ACQ|All Products - Brand,5043959,9132,1768,,4,1764,3432.979992,1.9417307647058824,,7549.83928888,,,2.1992086486008278,,,,,
googleadwords_int,Shoptimised | Incremental | Performance Max | All Customers | ACQ,4900285,35578,1667,5,4,1658,11276.333069999997,6.764446952609476,,2674.7287525,,,0.23719845236001005,,,,,
website-thortful,web-account-download-banner-app20,,4991,1635,1635,,,,,,15087.59708244,,,,,,,,
website-thortful,web-PLP-download-MODAL-bday-faceswap,,3294,1362,1362,,,,,,10708.62533289,,,,,,,,
website-thortful,web-postpurchase-download-banner,,4067,1356,1356,,,,,,11335.838129189999,,,,,,,,
website-thortful,web-blog-face-swap,,2044,1287,1287,,,,,,5782.795857440001,,,,,,,,
googleadwords_int,SHP|ACQ|Birthday - Generics,9725311,119316,1202,2,3,1197,38019.679908000006,31.630349341098174,,2314.7453079200004,,,0.06088281946405702,,,,,
Facebook Ads,Valentines24 - Interests - Acquisition,,,1022,819,3,200,,,,5979.33834964,,,,,,,,
googleadwords_int,SER|ACQ|Generic Cards - MM,32206,4801,913,3,1,909,8687.155563999997,9.514956806133622,,2985.9967769099994,,,0.3437254870033775,,,,,
website-thortful,web-blog-download-link,,1886,905,905,,,,,,5094.52155803,,,,,,,,
googleadwords_int,SHP|ACQ|Father's Day 25,,,861,,3,858,,,,2860.29727659,,,,,,,,
impactradius_int,GET35OFFAPP,,3514,831,231,15,585,,,,6843.23344711,,,,,,,,
emarsys,app40_postpurchase,,2251,831,831,,,,,,7671.61360784,,,,,,,,
googleadwords_int,SER|RET|Birthday - MM,4088,1295,830,5,1,824,2229.2562319999997,2.6858508819277107,,2588.15514326,,,1.1609949121631524,,,,,
googleadwords_int,SER|RET|Brand - Long Tail Brand - BR,,,825,110,5,710,175.935275,0.21325487878787877,,3165.99870679,,,17.995246870134487,,,,,
Facebook Ads,Valentines24 - Catalogue - Acquisition,,,825,623,4,198,,,,4650.74942343,,,,,,,,
Facebook Ads,Mothers24 - Demographics - Acquisition,,,823,660,12,151,,,,5280.299906040002,,,,,,,,
Apple Search Ads,18861888,,,815,786,29,,,,,6400.788603929999,,,,,,,,
Facebook Ads,Vday25 - FS android - Acquisition,,,804,803,,1,,,,1115.79,,,,,,,,
Facebook Ads,Valentines24 - Demographics - Acquisition,,,786,607,4,175,,,,4001.9012538500006,,,,,,,,
Facebook Ads,Valentines24 - Dynamic - Acquisition,,,763,624,5,134,,,,3941.9921607000006,,,,,,,,
bloomreach,BAU,,7327,738,738,,,,,,5369.17417493,,,,,,,,
Facebook Ads,Fday24 - Demographics - Acquisition,,,701,416,,285,,,,3310.10930318,,,,,,,,
bloomreach,BAU_v_220125_faceswap_bday,,9259,678,678,,,,,,4351.72932715,,,,,,,,
Facebook Ads,Vday25 - FS android APPINSTALL - retention,,,670,662,,8,,,,1538.34,,,,,,,,
Facebook Ads,Valentines24 - T2 - acquisition,,,661,531,4,126,,,,3192.2027841500003,,,,,,,,
googleadwords_int,SHP|ACQ|Mother's Day 25,,,658,,3,655,,,,1880.88977649,,,,,,,,
googleadwords_int,SHP|RET|All Products - Generics,189534,2742,640,,,640,1322.620004,2.06659375625,,1175.34267194,,,0.8886472822015474,,,,,
googleadwords_int,Shoptimised | IP | Incremental | Performance Max |ACQ|,204084,1491,638,15,2,621,1205.2412940000002,1.8890929373040755,,1335.8514689099998,,,1.1083684865098886,,,,,
website-thortful,web-homepage-download-banner,,1064,638,638,,,,,,4407.07882312,,,,,,,,
Facebook Ads,Mday25 - FS android - Acquisition,,,621,615,,6,,,,187.67,,,,,,,,
website-thortful,web-PLP-download-MODAL-vday-faceswap,,1449,609,599,6,4,,,,4852.705457800001,,,,,,,,
googleadwords_int,SHP|ACQ|Father's Day 24,21844,204,560,,3,557,67.780001,0.12103571607142857,,1603.5687532799998,,,23.658435078512316,,,,,
googleadwords_int,SHP|ACQ|Valentine's Day 24 (v2),,,548,2,7,539,,,,1396.59522461,,,,,,,,
website-thortful,web-PLP-download-BANNER-vday-faceswap,,1625,516,500,6,10,,,,3269.91993043,,,,,,,,
Facebook Ads,Vday25 - Interests - Retention,,,515,250,1,264,,,,3307.85936756,,,,,,,,
googleadwords_int,SER|ACQ|Generic Cards - BR,37587,2799,510,,3,507,3923.0990910000005,7.692351158823531,,1314.6773858699999,,,0.3351119498577049,,,,,
website-thortful,web-account-download-banner,,1171,505,505,,,,,,4251.5236472,,,,,,,,
Facebook Ads,Fday24 - Interests - Acquisition,,,504,310,,194,,,,3199.4635657900008,,,,,,,,
Facebook Ads,Valentines24 - Interests - Retention,,,489,316,5,168,,,,3642.1350127200003,,,,,,,,
googleadwords_int,SER|ACQ|INT|Send to UK - MM,,,478,,2,476,687.0662540000002,1.4373771004184104,,2137.89656786,,,3.1116308731704923,,,,,
googleadwords_int,SER|ACQ|Valentine's - EX,,,470,,1,469,,,,1015.89926874,,,,,,,,
emarsys,crm-header-logo,4,5552,467,47,,420,,,,2116.4959855599996,,,,,,,,
Facebook Ads,None,,,466,295,,171,,,,578.94914078,,,,,,,,
transactional_postmark,footer-transactional,,2551,458,380,5,73,,,,1972.73106514,,,,,,,,
Facebook Ads,Valentines24 - Catalogue - Retention,,,443,279,3,161,,,,3497.18314495,,,,,,,,
bloomreach,BAU_M_050325_MDfaceswap,,4426,430,430,,,,,,3543.5403931900005,,,,,,,,
Facebook Ads,Acquisition_FD25_Interests,,,409,267,,142,,,,1638.9561506999999,,,,,,,,
Facebook Ads,Vday25 - Interests - Acquisition,,,401,262,,139,,,,2166.7638955499997,,,,,,,,
googleadwords_int,SHP|RET|Birthday - Generics,942856,14253,372,,,372,6188.769985,16.636478454301074,,816.00863367,,,0.13185312035312297,,,,,
print,print_App40Flyer2024,,722,368,368,,,,,,2672.08505652,,,,,,,,
googleadwords_int,SER|ACQ|Birthday - BR,69016,7038,367,,3,364,6927.324292000001,18.875543029972754,,919.79043748,,,0.13277715878585578,,,,,
Facebook Ads,Valentines24 - Advantage - Acquisition v2 Campaign,,,345,272,1,72,,,,2185.27380182,,,,,,,,
googleadwords_int,SER|ACQ|Father's Day - EX,,,342,1,4,337,248.262708,0.725914350877193,,1072.32163274,,,4.319302086803951,,,,,
QR_code,Face-swap-flyer-14-Jan,,620,340,340,,,,,,1243.5818985,,,,,,,,
Facebook Ads,Mothers24 - Catalogue - Acquisition,,,334,262,3,69,,,,1639.06414931,,,,,,,,
googleadwords_int,SHP|ACQ|Mother's Day 24,,,333,,2,331,,,,914.16358528,,,,,,,,
googleadwords_int,SER|ACQ|Valentine's - BR,,,327,,1,326,,,,568.2064531200001,,,,,,,,
googleadwords_int,SHP|RET|Christmas 24,,,324,,,324,,,,610.51993944,,,,,,,,
Facebook Ads,Valentines24 - Styles - Acquisition,,,310,247,,63,,,,1716.531919,,,,,,,,
Facebook Ads,Mday25 - FS android - Retention,,,308,299,,9,,,,1232.7454360100003,,,,,,,,
Facebook Ads,Valentines24 - Demographics - Retention,,,305,209,7,89,,,,2091.01031366,,,,,,,,
Facebook Ads,Vday25 - Demographics - Retention,,,302,178,,124,,,,2021.62748868,,,,,,,,
Facebook Ads,Vday25 - hero - Retention,,,302,178,,124,,,,2210.32799956,,,,,,,,
Facebook Ads,Acquisition_FD25_Demographics,,,297,190,,107,,,,1224.52703083,,,,,,,,
googleadwords_int,SER|RET|Congratulations - MM,,,294,,1,293,,,,657.3392008100001,,,,,,,,
Facebook Ads,Summer24 - BAU - Retention,,,285,164,1,120,,,,1802.97446475,,,,,,,,
Facebook Ads,Vday25 - FS android - Retention,,,280,280,,,,,,812.06,,,,,,,,
duckduckgo_organic_seo,None,,279,279,,,279,,,,1599.91687619,,,,,,,,
Facebook Ads,Valentines24 - Dynamic - Retention,,,269,193,3,73,,,,2055.9560357,,,,,,,,
googleadwords_int,SER|ACQ|DSA,,,267,2,1,264,163.47173600000002,0.6122536928838952,,506.19424885,,,3.09652458116674,,,,,
yahoo_organic_seo,None,,264,264,,,264,,,,1238.8717561800001,,,,,,,,
Facebook Ads,Acquisition_FD25_T2,,,259,161,1,97,,,,993.55182273,,,,,,,,
googleadwords_int,SHP|ACQ|Anniversary,,,259,,1,258,,,,538.9416395999999,,,,,,,,
googleadwords_int,SER|ACQ|Anniversaries - MM,,,250,3,,247,,,,579.51771209,,,,,,,,
Facebook Ads,Mothers24 - Demographics - Retention,,,248,165,2,81,,,,1564.55738446,,,,,,,,
googleadwords_int,SER|RET|Congratulations - BR,,,239,2,,237,,,,480.04644044,,,,,,,,
Facebook Ads,FDay24 - Styles - Acquisition,,,237,139,,98,,,,1785.7584298000002,,,,,,,,
Facebook Ads,Retention_FD25_T2,,,235,124,,111,,,,1292.5995113,,,,,,,,
googleadwords_int,SER|RET|Generic Cards - MM,,,232,,,232,886.1069170000001,3.8194263663793104,,706.09928069,,,0.7968556244663644,,,,,
Facebook Ads,Vday25 - Demographics - Acquisition,,,224,146,,78,,,,1063.48958851,,,,,,,,
googleadwords_int,SER|ACQ|Mother's Day - EX,,,210,,2,208,,,,565.25169894,,,,,,,,
Facebook Ads,Valentines24 - T2 - retention,,,209,137,1,71,,,,977.66578286,,,,,,,,
Facebook Ads,Vday25 - Catalogue - Retention,,,206,114,,92,,,,1451.34416006,,,,,,,,
Facebook Ads,Retention_FD25_Demographics,,,203,104,,99,,,,1099.95736411,,,,,,,,
googleadwords_int,SER|ACQ|Congratulations - MM,,,200,,,200,,,,403.48611643999993,,,,,,,,
Facebook Ads,Mday25 - Interests - Acquisition,,,199,145,,54,,,,1243.87806062,,,,,,,,
Facebook Ads,Valentines24 - ProductRetargeting - Acquisition,,,198,130,,68,,,,1013.71274885,,,,,,,,
googleadwords_int,SER|RET|Christmas - BR,,,198,,,198,,,,584.67766995,,,,,,,,
Facebook Ads,Christmas24 - Interests - Retention,,,193,117,,76,,,,1478.6576631199998,,,,,,,,
Facebook Ads,Christmas24 - Demographics - Retention,,,186,114,,72,,,,1829.31136959,,,,,,,,
Facebook Ads,Autumn24 - BAU - Retention,,,186,123,,63,,,,1513.41927884,,,,,,,,
Facebook Ads,Acquisition_FD25_Hero,,,183,112,,71,,,,906.3187769700002,,,,,,,,
googleadwords_int,SER|RET|Anniversaries - BR,384,72,181,1,1,179,101.856182,0.5627413370165746,,381.05777974,,,3.7411355134045765,,,,,
Facebook Ads,Retention_FD25_FSAndroid,,,181,178,,3,,,,354.1,,,,,,,,
googleadwords_int,SER|RET|Generic Cards - BR,5711,1020,180,,,180,1482.3406189999996,8.235225661111109,,392.68316879,,,0.26490751434370574,,,,,
Facebook Ads,Valentines24 - Styles - Retention,,,180,110,,70,,,,1287.18250459,,,,,,,,
Facebook Ads,Mothers24 - Catalogue - Retention,,,177,137,,40,,,,1398.11662129,,,,,,,,
Facebook Ads,Fday24 - Demographics - Retention,,,174,99,,75,,,,1248.11415691,,,,,,,,
Facebook Ads,Spring24 - Catalogue - Retention,959492,19391,174,114,,60,2908.1785059999997,16.713669574712643,,1370.71661458,,,0.4713316640474476,,,,,
Facebook Ads,Vday25 - Catalogue - Acquisition,,,171,119,1,51,,,,890.16983753,,,,,,,,
Facebook Ads,Retention_FD25_Interests,,,168,80,,88,,,,1113.3482985700002,,,,,,,,
emarsys,app180424,,442,164,164,,,,,,1636.46952767,,,,,,,,
Facebook Ads,Mothers24 - Styles - Acquisition,,,164,131,1,32,,,,995.0751836999999,,,,,,,,
googleadwords_int,SER|RET|Christmas - EX,,,163,,,163,,,,418.37215886999996,,,,,,,,
Facebook Ads,Vday25 - Online thoughtful - Acquisition,,,162,114,1,47,,,,796.40929513,,,,,,,,
Facebook Ads,Mothers24 - Dynamic - Acquisition,,,160,115,,45,,,,824.0258190200001,,,,,,,,
Facebook Ads,Vday25 - T2 - Acquisition,,,154,88,,66,,,,734.82260351,,,,,,,,
Facebook Ads,Fday24 - WkT-3 - Acquisition,,,152,99,,53,,,,952.4263307800002,,,,,,,,
Facebook Ads,Valentines24 - ProductRetargeting - Retention,,,146,92,,54,,,,1078.0309057200002,,,,,,,,
googleadwords_int,SER|ACQ|Engagements & Weddings - MM,,,142,,,142,,,,241.24610777000004,,,,,,,,
Facebook Ads,Mday25 - Demographics - Acquisition,,,142,93,,49,,,,951.96024007,,,,,,,,
Facebook Ads,Christmas24 - Hero - Retention,,,140,94,,46,,,,1146.0504035600002,,,,,,,,
Facebook Ads,Vday25 - Online Overwhelmed - Acquisition,,,136,89,,47,,,,669.5178747100001,,,,,,,,
googleadwords_int,Shoptimised | Performance MAX | NoClicks | New Customers Only | Incremental ACQ,254869,1212,133,,,133,336.354249,2.5289793157894733,,242.67305234,,,0.7214805612281711,,,,,
Facebook Ads,Mday25 - Interests - Retention,,,133,80,,53,,,,930.5859072600002,,,,,,,,
Facebook Ads,Mday25 - Demographics - Retention,,,132,81,,51,,,,938.0687382199999,,,,,,,,
googleadwords_int,SER|RET|Anniversaries - MM,,,132,,,132,,,,351.46568861,,,,,,,,
Facebook Ads,Mday25 - Hero - Acquisition,,,131,86,,45,,,,790.82475529,,,,,,,,
tiktokglobal_int,Valentines25 - Hero - Acquisition,,,129,129,,,,,,781.8702518499999,,,,,,,,
googleadwords_int,SER|RET|Brand - Long Tail Brand - EX,,,129,,1,128,,,,271.818233,,,,,,,,
Facebook Ads,Mothers24 - Interests - Retention,,,127,84,2,41,,,,1240.10809343,,,,,,,,
Facebook Ads,Vday25 - T2 - Retention,,,127,76,,51,,,,902.42127833,,,,,,,,
Facebook Ads,Mothers24 - Interests - Acquisition,,,126,85,,41,,,,867.24793564,,,,,,,,
Facebook Ads,Mday25 - T2 - Acquisition,,,125,78,1,46,,,,651.29818393,,,,,,,,
Facebook Ads,Vday25 - T1 Creative - Retention,,,125,88,,37,,,,1098.5094577500001,,,,,,,,
googleadwords_int,SER|ACQ|Interests - BR,,,124,,,124,239.23244099999997,1.9292938790322578,,239.56568845999996,,,1.0013929860791748,,,,,
googleadwords_int,SER|ACQ|Animals - BR,,,124,1,1,122,92.41680299999999,0.7452967983870967,,280.11579382,,,3.0310050199420995,,,,,
googleadwords_int,SER|ACQ|Father's Day - BR,,,123,15,1,107,,,,587.46142817,,,,,,,,
Facebook Ads,Mday25 - Misc - Acquisition,,,115,75,1,39,,,,693.3378075399999,,,,,,,,
googleadwords_int,SER|ACQ|Brand - BR,1175,327,113,2,3,108,354.219701,3.1346876194690263,,277.48231218,,,0.7833621659005353,,,,,
tiktokglobal_int,FD25 - Acquisition - Tiktok,,,111,111,,,,,,555.9422133099999,,,,,,,,
googleadwords_int,SER|ACQ|INT|Send Abroad - BR,,,108,1,1,106,224.247172,2.076362703703704,,266.36359408,,,1.1878125003957685,,,,,
googleadwords_int,SER|ACQ|Mother's Day - BR,,,108,,2,106,,,,261.07781135,,,,,,,,
Facebook Ads,Newyear24 - Dynamic - Retention,,,107,69,1,37,,,,875.78823948,,,,,,,,
Facebook Ads,Mothers24 - A+ - acquisition Campaign,,,105,74,,31,,,,1079.64001728,,,,,,,,
googleadwords_int,SHP|RET|All Products - Brand,14622,103,104,,,104,45.32,0.4357692307692308,,350.69260592,,,7.738142231244484,,,,,
Facebook Ads,Mothers24 - Styles - Retention,,,103,77,3,23,,,,641.2500185,,,,,,,,
googleadwords_int,SER|ACQ|Birthday - MM Google Ads Tag,,,103,,,103,,,,274.04251853,,,,,,,,
googleadwords_int,SER|ACQ|Mother's Day - DSA,,,103,1,2,100,,,,337.48532705,,,,,,,,
Facebook Ads,NewYear24A - Style - Acquisition,,,101,74,,27,,,,477.29376387,,,,,,,,
Facebook Ads,Retention_FD25_Hero,,,101,51,,50,,,,587.67041432,,,,,,,,
googleadwords_int,SER|ACQ|Thank You - BR,,,101,,1,100,,,,181.11803847000004,,,,,,,,
googleadwords_int,SER|RET|Birthday - BR,4981,809,100,,1,99,1048.7996200000002,10.487996200000003,,250.37747268,,,0.23872765388683106,,,,,
Facebook Ads,NewYear24 - Style - Retention,,,100,72,,28,,,,840.29894886,,,,,,,,
Facebook Ads,NewYear24 - Catalogue - retention,,,100,60,,40,,,,630.64405605,,,,,,,,
googleadwords_int,SER|ACQ|Christmas - EX,,,99,,,99,,,,153.08631946,,,,,,,,
Facebook Ads,Fday24 - Interests - Retention,,,99,51,,48,,,,895.97023508,,,,,,,,
Facebook Ads,Retention_FD25_Targeted,,,99,39,,60,,,,568.0998899399999,,,,,,,,
googleadwords_int,SER|ACQ|Congratulations - BR,11923,873,98,,1,97,799.1816680000002,8.154914979591839,,276.38795030000006,,,0.3458387014703145,,,,,
googleadwords_int,SER|ACQ|Just Because - BR,1507,100,95,2,,93,140.930001,1.483473694736842,,202.57019479999997,,,1.4373816317506445,,,,,
card-back-thortful,card-back-vday-faceswap,,199,93,53,4,36,,,,271.23923577999994,,,,,,,,
Facebook Ads,Mday25 - T1 - Retention,,,92,60,,32,,,,744.36600019,,,,,,,,
googleadwords_int,SER|RET|Father's Day - EX,,,91,,,91,,,,338.07015724999997,,,,,,,,
googleadwords_int,SER|RET|INT|Send to UK - EX,147,131,88,1,1,86,95.99502799999999,1.0908525909090907,,486.1493743599999,,,5.0643182724005245,,,,,
bing_organic_seo,None,,87,87,,,87,,,,343.43545469,,,,,,,,
Facebook Ads,Valentines24 - previousbuyers - retention,,,86,59,1,26,,,,797.5809897000001,,,,,,,,
googleadwords_int,DMG|ACQ|Valentine's Day 25,,,86,,,86,,,,405.88,,,,,,,,
googleadwords_int,SER|RET|Valentine's - BR,,,85,,,85,,,,175.36501470000002,,,,,,,,
Facebook Ads,FDay24 - Dynamic - Acquisition,,,84,46,,38,,,,594.60539735,,,,,,,,
Facebook Ads,Valentines24 - Gifting - Retention,,,83,65,1,17,,,,746.6059122900001,,,,,,,,
Facebook Ads,Christmas24 - Styles - Retention,,,82,48,,34,,,,683.7386967999998,,,,,,,,
Facebook Ads,Retention_FD25_HighPotential,,,81,44,,37,,,,519.2268907,,,,,,,,
googleadwords_int,SER|ACQ|Sympathy - EX,1295,160,81,,,81,462.13708900000006,5.7053961604938275,,245.69599114,,,0.5316517479080757,,,,,
Facebook Ads,Q225 - Anniversary - Retention,,,79,40,,39,,,,343.57332685,,,,,,,,
tiktokglobal_int,MD25 - Carousel - Acquisition,,,79,79,,,,,,508.45076434000003,,,,,,,,
Facebook Ads,Acquisition_FD25_FSAndroid,,,78,76,,2,,,,46.34,,,,,,,,
googleadwords_int,SER|ACQ|Leaving - BR,3318,385,78,,,78,604.274285,7.747106217948717,,139.25761806999998,,,0.2304543177275862,,,,,
googleadwords_int,SER|ACQ|Birthday - MM Corvidae Test - Birthday Acq,,,77,,,77,,,,197.31155799,,,,,,,,
Facebook Ads,Mday25 - Hero - Retention,,,75,42,,33,,,,584.27635674,,,,,,,,
Facebook Ads,Acquisition_FD25_HighPotential,,,74,46,,28,,,,258.71366957,,,,,,,,
Facebook Ads,Q1FY25 - BAU - Retention,,,73,39,,34,,,,388.86841359,,,,,,,,
bloomreach,BAU_F_020625_FDThePerfectCard,,2989,72,72,,,,,,448.58629539000003,,,,,,,,
Facebook Ads,Vday25 - retargeting - Retention,,,72,43,,29,,,,492.93935584999997,,,,,,,,
Social_Influencers,pr-influencer-face-swap-2025-01-27,,370,71,71,,,,,,87.17964345000001,,,,,,,,
Facebook Ads,FDay24 - Catalogue - Acquisition,,,70,53,,17,,,,465.89472377000004,,,,,,,,
googleadwords_int,SER|ACQ|Good Luck - BR,,,69,,,69,45.888742,0.665054231884058,,184.4186294,,,4.018820768719264,,,,,
af_banner,fullscreen_homepage_test1,907,154,69,69,,,,,,793.5081016199999,,,,,,,,
googleadwords_int,Shoptimised | Incremental | Performance Max | Thank you & Others | ACQ,,,68,4,,64,,,,182.75854669999998,,,,,,,,
google_organic_seo,our-tonys-chocolonely-gifts,,68,68,,,68,,,,336.69976697,,,,,,,,
googleadwords_int,SER|ACQ|Christmas - BR,,,68,,1,67,,,,160.9624232,,,,,,,,
Facebook Ads,Vday25 - Advantage+ - Acquisition Campaign,,,68,53,,15,,,,284.78417066,,,,,,,,
Facebook Ads,Mday25 - Misc - Retention,,,67,43,,24,,,,529.40290123,,,,,,,,
Facebook Ads,Q225 - Birthday - Retention,,,67,44,,23,,,,619.7024391,,,,,,,,
Facebook Ads,Retention_FD25_T1,,,66,36,,30,,,,494.41318333,,,,,,,,
Facebook Ads,Valentines24 - video - retention,,,65,50,,15,,,,561.13826531,,,,,,,,
googleadwords_int,SHP|RET|Father's Day 24,,,64,,,64,,,,243.53824638999998,,,,,,,,
print,app_20_flyer,,82,64,58,,6,,,,466.60970482,,,,,,,,
googleadwords_int,SER|ACQ|Leaving - MM,,,64,,1,63,,,,84.02290604000001,,,,,,,,
Facebook Ads,FDay24 - Styles - Retention,,,64,39,,25,,,,463.01799071,,,,,,,,
googleadwords_int,SER|ACQ|Interests - MM,,,64,,,64,,,,162.77810259,,,,,,,,
googleadwords_int,SER|ACQ|Engagements & Weddings - BR,,,63,,,63,,,,193.28631531,,,,,,,,
Facebook Ads,Vday25 - T1 Creative - Acquisition,,,63,43,,20,,,,297.31929235999996,,,,,,,,
Facebook Ads,Retention_FD25_Statics,,,63,31,,32,,,,376.03300294999997,,,,,,,,
googleadwords_int,DMG|ACQ|Mother's Day 25,,,62,,,62,,,,334.27,,,,,,,,
googleadwords_int,SER|RET|Thank You - BR,,,61,1,1,59,,,,191.42847767,,,,,,,,
googleadwords_int,Shoptimised | Performance MAX | NoClicks | Incremental ACQ,,,61,1,1,59,,,,181.14999999999998,,,,,,,,
googleadwords_int,SER|ACQ|TV Shows - MM,,,60,,,60,,,,117.74019552000001,,,,,,,,
Facebook Ads,Spring24 - Anniversary - Retention,868942,9396,60,43,,17,2127.7978650000005,35.46329775000001,,344.96864272000005,,,0.16212472453063578,,,,,
Facebook Ads,Mday25 - targeted - Retention,,,58,40,,18,,,,685.0737220000001,,,,,,,,
googleadwords_int,SER|ACQ|Birthday - MM Corvidae Test,,,56,,,56,,,,120.71592968000002,,,,,,,,
googleadwords_int,SER|ACQ|Anniversaries - BR,6049,630,56,,2,54,642.351202,11.470557178571427,,65.37252854,,,0.10177069543336825,,,,,
googleadwords_int,SER|RET|Mother's Day - EX,,,56,1,,55,,,,199.9395024,,,,,,,,
googleadwords_int,SER|RET|Engagements & Weddings - MM,,,56,,,56,73.082521,1.3050450178571429,,112.43927674999998,,,1.5385248786094827,,,,,
googleadwords_int,SER|ACQ|INT|Send to UK - BR,,,56,1,,55,85.99631699999999,1.5356485178571426,,166.27872183,,,1.9335563153245274,,,,,
googleadwords_int,DMG|ACQ|Mother's Day 24,,,56,1,1,54,,,,341.55,,,,,,,,
googleadwords_int,SER|RET|Christmas - EX Corvidae Test - Christmas Returning,,,55,,,55,,,,146.75607144999998,,,,,,,,
ecosia_organic_seo,None,,55,55,,,55,,,,273.98137124000004,,,,,,,,
googleadwords_int,SHP|RET|Father's Day 25,,,54,,,54,,,,113.50120074,,,,,,,,
googleadwords_int,SER|ACQ|Generic Cards - MM - tROAS Test,,,54,,,54,,,,188.68701285000003,,,,,,,,
googleadwords_int,SER|ACQ|Generic Cards - BR Corvidae Test,,,54,,,54,,,,137.36611831,,,,,,,,
Facebook Ads,Acquisition_FD25_Targeted,,,53,21,,32,,,,152.88697578999998,,,,,,,,
Facebook Ads,Christmas24 - Demographics - Acquisition,,,51,37,,14,,,,391.54980890999997,,,,,,,,
googleadwords_int,SER|ACQ|Gifts - BR,,,50,,,50,,,,137.49924527,,,,,,,,
googleadwords_int,SER|ACQ|INT|Send to UK - EX - tROAS Test,,,50,1,,49,,,,194.64932733,,,,,,,,
Twitter,Mother24 - Bestsellers - Acquisition,,,50,44,,6,,,,245.28000000000003,,,,,,,,
Facebook Ads,FDay24 - Catalogue - Retention,,,49,29,,20,,,,478.30032492,,,,,,,,
Facebook Ads,Christmas24 - Hero - Acquisition,,,49,30,,19,,,,320.1591987,,,,,,,,
googleadwords_int,SER|ACQ|Get Well Soon - BR,1887,146,49,,,49,218.061238,4.450229346938776,,81.38000015,,,0.37319791860486456,,,,,
Facebook Ads,Fday24 - Trialists - Retention,,,48,32,,16,,,,273.05712872,,,,,,,,
googleadwords_int,SER|ACQ|Generic Cards - EX Corvidae Test - Generic Acq EX,,,48,,,48,,,,183.23603363,,,,,,,,
Facebook Ads,Mothers24 - Dynamic - Retention,,,48,33,,15,,,,380.25367733,,,,,,,,
Facebook Ads,FDay24 - Dynamic - Retention,,,47,30,,17,,,,351.49987211,,,,,,,,
website-thortful,web-PLP-download-BANNER-mday-faceswap,,189,47,47,,,,,,324.93915339,,,,,,,,
googleadwords_int,SER|ACQ|Sorry - MM,,,44,,,44,,,,180.17822207,,,,,,,,
google_organic_seo,flower-and-plants,,45,44,,,44,,,,170.57793550999997,,,,,,,,
Facebook Ads,Mothers24 - retargeting - Retention,,,44,28,,16,,,,321.2780183,,,,,,,,
googleadwords_int,SER|ACQ|Generic Cards - BR Corvidae Test - Generic Acq Broad,,,43,,,43,,,,76.38726991,,,,,,,,
googleadwords_int,SER|ACQ|Generic Cards - EX SER|ACQ|Generic Cards - EX - Corvidae Test,,,42,,,42,,,,178.11269829,,,,,,,,
Facebook Ads,Fday24 - Retargeting - Retention,,,41,25,,16,,,,264.61362739000003,,,,,,,,
Facebook Ads,Spring24 - Retargeting - Retention,224128,6978,41,22,,19,850.443188,20.742516780487804,,378.01226282000005,,,0.44448855391384484,,,,,
Facebook Ads,Mothers24 - retargeting - Acquisition,,,41,31,,10,,,,281.24821162999996,,,,,,,,
Facebook Ads,Retention_FD25_FSIOS,,,40,38,,2,,,,52.90944238,,,,,,,,
googleadwords_int,SER|RET|Gifts - BR,,,40,,,40,102.899631,2.572490775,,31.475162679999997,,,0.30588217250263994,,,,,
website-thortful,web-PDP-download-MODAL-fday30-paid-2024,,100,40,40,,,,,,225.08797448999997,,,,,,,,
Facebook Ads,Summer24 - BAU - Acquisition,,,39,20,,19,,,,287.53558876,,,,,,,,
Facebook Ads,Acquisition_FD25_T1,,,38,27,,11,,,,194.65930609999998,,,,,,,,
googleadwords_int,SER|RET|Brand - Pure Brand - BR,,,38,,,38,,,,70.44781574000001,,,,,,,,
Facebook Ads,Christmas24 - Interests - Acquisition,,,38,27,,11,,,,280.74235818,,,,,,,,
Facebook Ads,Autumn24 - BAU - Acquisition,,,38,27,,11,,,,172.11379107999997,,,,,,,,
googleadwords_int,SHP|RET|Congratulations - Generics,21319,353,37,,,37,251.29,6.791621621621621,,62.97526404999999,,,0.25060791933622506,,,,,
googleadwords_int,SER|RET|Good Luck - BR,,,37,,,37,,,,142.60285109,,,,,,,,
googleadwords_int,SER|ACQ|Sympathy - BR,,,36,,,36,47.788499,1.3274583055555556,,129.16708672,,,2.7028906415328087,,,,,
googleadwords_int,SER|ACQ|Christmas - EX Corvidae Test - Christmas Acquisition,,,36,,,36,,,,108.76215058999998,,,,,,,,
Facebook Ads,Jan25 - Apptest - Retention,,,35,18,,17,,,,193.85592219999998,,,,,,,,
googleadwords_int,SER|ACQ|Mother's Day - BR Promo Code Test - March 25,,,34,,,34,,,,162.65818609999997,,,,,,,,
googleadwords_int,SER|ACQ|Creators - EX,,,34,,,34,76.14118500000001,2.239446617647059,,106.27125944999999,,,1.3957132325954735,,,,,
Twitter,Valentines24 - Trending - Acquisition,,,33,30,,3,,,,224.03000000000003,,,,,,,,
tiktokglobal_int,Valentines25 - Demographics - Acquisition,,,32,32,,,,,,148.49607647,,,,,,,,
Facebook Ads,Mday25 - targeted - Acquisition,,,31,23,,8,,,,253.34935672000003,,,,,,,,
Facebook Ads,Q225 - Birthday - Acquisition,,,31,19,,12,,,,124.95593348,,,,,,,,
googleadwords_int,fathers-day-gifts,,,31,,,31,,,,79.24497836,,,,,,,,
bloomreach,BAU_F_210525_Faceswap,,415,30,30,,,,,,261.90101021,,,,,,,,
googleadwords_int,22154270364,,,30,,,30,,,,61.81126556000001,,,,,,,,
Facebook Ads,Spring24 - Birthday - Retention,325587,4295,30,22,,8,1001.312619,33.3770873,,283.8854413,,,0.28351329636044464,,,,,
googleadwords_int,SER|RET|INT|Send Abroad - BR,,,30,1,,29,,,,91.75681874,,,,,,,,
googleadwords_int,SER|ACQ|Thank You - MM,,,30,,,30,,,,68.97575499999999,,,,,,,,
Facebook Ads,Newyear24A - Dynamic - Acquisition,,,30,20,,10,,,,150.22182045,,,,,,,,
Facebook Ads,Spring24 - Interests - Retention,,,29,24,,5,,,,254.85582164000002,,,,,,,,
Facebook Ads,Christmas24 - UGC - Retention,,,29,18,,11,,,,400.77958037999997,,,,,,,,
googleadwords_int,SER|ACQ|Mother's Day - EX Corvidae Final Test,,,29,,,29,,,,53.46125741,,,,,,,,
Facebook Ads,Valentines24 - T1 - Acquisition,,,28,23,,5,,,,176.2232386,,,,,,,,
googleadwords_int,DMG|ACQ|Test- Birthday 24,280787,8853,28,,,28,820.9182249999998,29.318508035714277,,59.33,,,0.07227272850471801,,,,,
Facebook Ads,Spring24A - Catalogue - Acquisition,126532,3632,27,16,,11,299.947882,11.109180814814815,,142.67534321999997,,,0.47566711346206464,,,,,
googleadwords_int,SER|ACQ|Birthday - MM Corvidae LSTM Final Pilot Test,,,26,,,26,,,,34.92227611,,,,,,,,
googleadwords_int,SER|RET|Just Because - BR,,,26,,,26,,,,76.16314195000001,,,,,,,,
Facebook Ads,Vday25 - Advantage+ - Retention Campaign,,,25,19,1,5,,,,200.08103392,,,,,,,,
Facebook Ads,Mothers24 - Last Chance - Acquisition,,,25,19,,6,,,,244.87431597,,,,,,,,
googleadwords_int,SER|ACQ|Get Well Soon - MM,,,25,,,25,,,,39.35674429,,,,,,,,
Facebook Ads,Jan25 - rebrand - Retention,,,25,20,,5,,,,265.30179619999996,,,,,,,,
Facebook Ads,Mday25 - discounttest - Retention,,,24,13,,11,,,,161.74179608999998,,,,,,,,
googleadwords_int,SER|ACQ|Animals - MM,,,23,,,23,,,,38.328695720000006,,,,,,,,
Facebook Ads,Retention_Summer25_Birthday,,,23,21,,2,,,,170.04510807000003,,,,,,,,
Facebook Ads,Vday25 - T0 - Retention,,,23,12,,11,,,,153.49387442,,,,,,,,
googleadwords_int,SHP|ACQ|Valentine's Day 25 - Gifts,,,23,,,23,,,,81.97836545,,,,,,,,
Facebook Ads,Retention_FD25_Promo,,,22,12,,10,,,,134.57989088000002,,,,,,,,
Facebook Ads,Fday24 - Previous Buyers - Retention,,,22,19,,3,,,,236.14444744,,,,,,,,
googleadwords_int,SHP|ACQ|Christmas 24 - Gifts,,,22,,,22,,,,43.686722360000005,,,,,,,,
googleadwords_int,DMG|RET|Christmas 24,,,22,,,22,,,,114.44000000000001,,,,,,,,
googleadwords_int,SER|RET|Animals - BR,,,22,,,22,,,,73.07271143000001,,,,,,,,
tiktokglobal_int,FD25 - Retention - Tiktok,,,21,21,,,,,,101.52068842999999,,,,,,,,
Facebook Ads,Valentines24 - Gifting - Retention – reach,,,21,19,1,1,,,,275.4433626,,,,,,,,
Facebook Ads,Spring24 - Demographics - Retention,,,20,17,,3,,,,94.50865256,,,,,,,,
Facebook Ads,Valentines24 - T1 - Retention,,,20,18,1,1,,,,296.27506910000005,,,,,,,,
google_organic_seo,christmas-card-packs,,20,20,,,20,,,,75.21220757,,,,,,,,
googleadwords_int,SHP|RET|Taylor Swift - Generics,4767,49,20,,,20,33.36,1.668,,43.1806615,,,1.294384337529976,,,,,
Facebook Ads,Christmas24 - Styles - Acquisition,,,20,12,,8,,,,174.8437204,,,,,,,,
Facebook Ads,Q225 - Spring Discount Campaign - Retention,,,20,11,,9,,,,146.34043388,,,,,,,,
google_organic_seo,confectionery,,20,20,,,20,,,,90.29961483,,,,,,,,
googleadwords_int,SER|RET|Engagements & Weddings - BR,91,15,20,,,20,14.200000000000003,0.7100000000000002,,41.62,,,2.930985915492957,,,,,
googleadwords_int,SER|ACQ|Generic Cards - EX Corvidae LSTM,,,19,,,19,,,,68.6030141,,,,,,,,
tiktokglobal_int,Valentines25 - Hero - Retention,,,19,19,,,,,,217.27591045,,,,,,,,
googleadwords_int,SHP|RET|Engagement - Generics,,,19,,,19,,,,80.45174597,,,,,,,,
googleadwords_int,SER|RET|TV Shows - MM,,,19,,,19,,,,56.20189590999999,,,,,,,,
googleadwords_int,SER|RET|Interests - BR,,,19,,,19,,,,58.00188776,,,,,,,,
googleadwords_int,Valentines Day,,,18,,,18,,,,35.89149408,,,,,,,,
Facebook Ads,Valentines - staticretargeting - retention,,,18,10,,8,,,,206.25763824,,,,,,,,
googleadwords_int,SER|RET|INT|Send to UK - BR,,,18,,,18,,,,99.6032376,,,,,,,,
googleadwords_int,SER|RET|Father's Day - BR,,,18,,,18,,,,52.10090673,,,,,,,,
Facebook Ads,Fday24 - week 1 - Acquisition,,,18,11,,7,,,,185.56816745,,,,,,,,
googleadwords_int,SER|ACQ|Faith - BR,,,18,,,18,,,,38.983676450000004,,,,,,,,
googleadwords_int,DMG|RET|Test- Birthday 24,34785,416,18,1,,17,142.880169,7.937787166666666,,46.55999999999999,,,0.3258674757026637,,,,,
googleadwords_int,SER|ACQ|TV Shows - EX,1677,364,18,,,18,323.68786500000004,17.982659166666668,,32.2,,,0.09947855165963666,,,,,
Facebook Ads,Fday24 - Retargeting - Acquisition,,,17,12,,5,,,,109.42132589,,,,,,,,
Facebook Ads,Valentines24 - Dynamic - Acquisition – lookalike,,,17,12,1,4,,,,114.45927669,,,,,,,,
Facebook Ads,Q225 - Anniversary - Acquisition,,,17,11,,6,,,,65.81506947,,,,,,,,
Facebook Ads,Spring24A - Demographics - Acquisition,102588,985,17,11,,6,389.9266859999999,22.936863882352934,,29.44620219,,,0.07551727862503878,,,,,
googleadwords_int,SER|ACQ|Faith - MM,,,17,,,17,,,,60.34763146,,,,,,,,
emarsys,None,,3834,16,16,,,,,,170.97634225000002,,,,,,,,
Facebook Ads,Retention_Summer25_Cardpacks,,,16,9,,7,,,,72.6793691,,,,,,,,
googleadwords_int,SER|ACQ|INT|Send Abroad - MM,,,16,,,16,,,,46.17086531,,,,,,,,
test,test-kirill,,30,16,,4,12,,,,2.9511825,,,,,,,,
bloomreach,BAU_G_120525_ThisisThat,,5839,16,16,,,,,,88.90045396,,,,,,,,
googleadwords_int,SER|ACQ|Trends - EX,,,15,,,15,,,,11.67,,,,,,,,
googleadwords_int,SHP|ACQ|Father's Day 25 - Gifts,,,15,,,15,,,,19.84364295,,,,,,,,
bloomreach,BAU_G_090425_Photocards,,96,15,15,,,,,,67.22999999999999,,,,,,,,
googleadwords_int,APP|ACQ|Downloads - iOS,,,15,15,,,,,,0.0,,,,,,,,
googleadwords_int,SER|RET|Valentine's - EX,,,14,,,14,,,,19.19943308,,,,,,,,
Facebook Ads,FDay24 - WkT-2 - Acquisition,,,14,8,,6,,,,117.63971839999999,,,,,,,,
website-thortful,web-PLP-download-MODAL-fday30-paid-2024,,36,14,14,,,,,,90.5424455,,,,,,,,
googleadwords_int,SER|RET|INT|Send Abroad - EX,,,13,,,13,,,,21.67858277,,,,,,,,
googleadwords_int,Performance Max|ACQ|Gifts,,,13,1,,12,,,,9.0484899,,,,,,,,
Facebook Ads,Acquisition_Summer25_Birthday,,,13,10,,3,,,,42.746484200000005,,,,,,,,
googleadwords_int,SER|RET|Leaving - MM,,,13,,,13,,,,22.771950260000004,,,,,,,,
googleadwords_int,DMG|ACQ|Valentine's Day 24,,,13,,,13,,,,82.15,,,,,,,,
googleadwords_int,SHP|RET|Mother's Day 25,,,13,,,13,,,,25.80456854,,,,,,,,
Twitter,Fday24 - Bestsellers - Acquisition,,,13,10,,3,,,,49.41,,,,,,,,
google_organic_seo,alcohol,,12,12,,,12,,,,82.68646985,,,,,,,,
googleadwords_int,SER|RET|Interests - MM,,,12,,,12,,,,33.415684299999995,,,,,,,,
Facebook Ads,Spring24 - Birthday - Acquisition,48522,546,12,10,,2,163.24146600000003,13.603455500000003,,91.92080179999999,,,0.5630971348909595,,,,,
Facebook Ads,Q1FY25 - BAU - Acquisition,,,12,5,,7,,,,20.79749656,,,,,,,,
googleadwords_int,letterbox,,,12,,,12,,,,67.44308871000001,,,,,,,,
googleadwords_int,SER|RET|Leaving - BR,,,12,,,12,,,,27.878067,,,,,,,,
Facebook Ads,Valentines - staticretargeting - acquisition,,,12,8,,4,,,,57.886702160000006,,,,,,,,
googleadwords_int,21261282891,,,12,,,12,,,,46.1147068,,,,,,,,
googleadwords_int,DMG|ACQ|Christmas 24,,,12,,,12,,,,56.09,,,,,,,,
googleadwords_int,SER|ACQ|Sorry - BR,,,12,,,12,,,,19.31461968,,,,,,,,
Facebook Ads,Fday24 - WkT-3 - Retention,,,11,6,,5,,,,74.3428924,,,,,,,,
googleadwords_int,SER|ACQ|Mother's Day - Core - EX,,,11,,,11,,,,47.40321349,,,,,,,,
googleadwords_int,22277443825,,,11,,,11,,,,81.90935876,,,,,,,,
googleadwords_int,22489010622,,,11,,,11,,,,33.071332649999995,,,,,,,,
Facebook Ads,Jan25 - rebrand - Acquisition,,,11,6,,5,,,,79.67050296,,,,,,,,
googleadwords_int,DMG|RET|Test- Father's Day 24,,,11,,,11,,,,26.38,,,,,,,,
Facebook Ads,Vday25 - T0 - Acquisition,,,10,7,,3,,,,42.403074000000004,,,,,,,,
Facebook Ads,Autumn24 - BAUPremium - Acquisition,,,10,9,,1,,,,42.4362323,,,,,,,,
Facebook Ads,Retention_FD25_gifting,,,10,6,,4,,,,16.87,,,,,,,,
googleadwords_int,DMG|RET|Birthday 24,,,10,,1,9,,,,54.98,,,,,,,,
tiktokglobal_int,Valentines25 - Interests - Acquisition,,,10,10,,,,,,56.71237335999999,,,,,,,,
Facebook Ads,Summer24 - thank you teacher - Retention,,,10,4,,6,,,,77.06,,,,,,,,
googleadwords_int,SER|ACQ|Leaving - EX,,,10,,,10,,,,54.03999999999999,,,,,,,,
googleadwords_int,SER|ACQ|Just Because - MM,,,10,,1,9,,,,2.7873472000000006,,,,,,,,
bloomreach,beta_test,,146,10,10,,,,,,25.678436599999998,,,,,,,,
googleadwords_int,SER|ACQ|Gifts - MM,,,9,,,9,35.86000099999999,3.9844445555555543,,35.5334931,,,0.9908949277497234,,,,,
Facebook Ads,Q225 - Easter - Retention,,,9,6,,3,,,,157.51999999999998,,,,,,,,
googleadwords_int,SHP|ACQ|Father's Day 24|Gifts,,,9,,,9,,,,28.594695299999998,,,,,,,,
Facebook Ads,NewYear24A - Catalogue - Acquisition,,,9,4,,5,,,,42.8759004,,,,,,,,
googleadwords_int,SER|ACQ|Faceswap,,,9,,,9,,,,21.1158041,,,,,,,,
Facebook Ads,Fday24 - Gifting - Retention,,,9,7,,2,,,,65.5087826,,,,,,,,
googleadwords_int,SHP|ACQ|Mother's Day 25 #2,,,8,,,8,,,,24.09419891,,,,,,,,
googleadwords_int,SER|RET|Mother's Day - BR,,,8,,,8,,,,55.67896692,,,,,,,,
Facebook Ads,Christmas24 - UGC - Acquisition,,,8,7,,1,,,,36.02234812,,,,,,,,
googleadwords_int,SER|RET|Birthday - MM Corvidae Conversion Goal Test,,,8,,,8,,,,33.062781099999995,,,,,,,,
bloomreach,BAU_G_020625_ThePerfectCard,,591,8,8,,,,,,71.49387261999999,,,,,,,,
Facebook Ads,Fday24 - kidstest - Acquisition,,,8,3,,5,,,,54.7157578,,,,,,,,
googleadwords_int,SER|RET|Thank You - MM,,,8,,,8,,,,0.0,,,,,,,,
googleadwords_int,SER|ACQ|Generic Cards - BR Corvidae BROAD (NCD),,,8,,,8,,,,3.6424248,,,,,,,,
googleadwords_int,SHP|ACQ|Mother's Day 25 - Gifts,,,7,,,7,,,,15.245413840000001,,,,,,,,
googleadwords_int,SER|ACQ|Animals - EX,,,7,,,7,,,,35.08,,,,,,,,
googleadwords_int,DSC|RET|Remarketing- Birthday 23 (Product Feed),,,7,,,7,,,,0.0,,,,,,,,
googleadwords_int,21403223475,,,7,,,7,,,,11.0936309,,,,,,,,
Facebook Ads,Vday25 - retargeting - Acquisition,,,7,5,,2,,,,45.76401344000001,,,,,,,,
Facebook Ads,Spring24A - Interests - Acquisition,79841,510,7,4,,3,214.39373399999997,30.62767628571428,,127.98,,,0.5969390877813622,,,,,
auto_apply_test,None,,56,7,7,,,,,,3.71380422,,,,,,,,
Facebook Ads,Spring24A - A+ - Acquisition Campaign,,,7,4,,3,,,,17.088806599999998,,,,,,,,
Facebook Ads,Acquisition_FD25_FSIOS,,,7,7,,,,,,0.0,,,,,,,,
Facebook Ads,Retention_FD25_catalogue,,,7,5,,2,,,,23.317349999999998,,,,,,,,
tiktokglobal_int,Valentines25 - FS IOS - Acquisition,,,7,7,,,,,,2.8347840000000004,,,,,,,,
google_organic_seo,fathers-day-gifts,,7,7,,,7,,,,27.50108145,,,,,,,,
googleadwords_int,SER|ACQ|Misc - MM,,,7,,,7,,,,4.05488655,,,,,,,,
googleadwords_int,21189369323,,,7,,,7,,,,10.479359760000001,,,,,,,,
Facebook Ads,Mothers24 - gifting - retention,,,7,5,,2,,,,62.1582861,,,,,,,,
google_organic_seo,experiences-40-and-under,,6,6,,,6,,,,69.85904788,,,,,,,,
googleadwords_int,SER|ACQ|Misc - BR,,,6,,,6,,,,8.1952674,,,,,,,,
googleadwords_int,22644962598,,,6,,,6,,,,13.07530002,,,,,,,,
Facebook Ads,FY24 - WeekendWinners - Retention,,,6,4,,2,,,,60.76000000000001,,,,,,,,
Facebook Ads,Fday24 - last chance - Acquisition,,,6,4,,2,,,,51.04918606,,,,,,,,
googleadwords_int,DMG|ACQ|Test- Father's Day 24,,,6,,,6,,,,12.47,,,,,,,,
Facebook Ads,Q225 - Spring Discount Campaign - Acquisition,,,6,5,,1,,,,14.47,,,,,,,,
googleadwords_int,mothers-day-gifts,,,6,,,6,,,,7.495537379999999,,,,,,,,
googleadwords_int,21351230139,,,6,,,6,,,,20.44483695,,,,,,,,
Facebook Ads,Vday25 - FS IOS - Acquisition,,,6,2,,4,,,,9.06076716,,,,,,,,
googleadwords_int,SER|ACQ|Just Because - EX,,,6,,,6,,,,5.14,,,,,,,,
googleadwords_int,SHP|ACQ|Valentine's Day - Gifts,,,6,,1,5,,,,3.52,,,,,,,,
Facebook Ads,Retention_Summer25_Anniversary,,,6,6,,,,,,19.75,,,,,,,,
Facebook Ads,RetentionRestructure - Risk of Churn - Retention,,,6,3,,3,,,,23.91650395,,,,,,,,
googleadwords_int,22176985599,,,6,,,6,,,,57.193573,,,,,,,,
Facebook Ads,Valentines25 - Apptestinstall - Acquisition,,,6,4,,2,,,,18.10388775,,,,,,,,
Facebook Ads,Vday25 - FS IOS - Retention,,,5,2,,3,,,,12.835839239999999,,,,,,,,
googleadwords_int,SER|RET|Get Well Soon - BR,,,5,,,5,,,,4.1399266500000005,,,,,,,,
emarsys,crm-header-birthday,,197,5,1,,4,,,,35.38205111,,,,,,,,
Facebook Ads,Retention_Summer25_ThankyouTeacher,,,5,5,,,,,,35.5641667,,,,,,,,
googleadwords_int,SER|RET|Trends - MM,21,7,5,,,5,5.359999999999999,1.0719999999999998,,17.439999999999998,,,3.253731343283582,,,,,
googleadwords_int,christmas,,,5,,,5,,,,0.0,,,,,,,,
google_organic_seo,nio-cocktails,,5,5,,,5,,,,41.094376,,,,,,,,
Facebook Ads,Mothers23 - App A+ Catalogue - Retention,,,5,4,,1,,,,7.52131116,,,,,,,,
tiktokglobal_int,Valentines25 - AppInstall - promotion,,,5,5,,,,,,18.51917847,,,,,,,,
googleadwords_int,SER|RET|Animals - EX,,,5,,,5,,,,9.75035095,,,,,,,,
None,None,241,240579,4,4,,,,,,16.70558687,,,,,,,,
googleadwords_int,SHP|ACQ|Birthday Card Packs,,,4,,,4,,,,0.0,,,,,,,,
googleadwords_int,SHP|RET|Mother's Day 24,,,4,,,4,,,,17.23,,,,,,,,
tiktokglobal_int,Valentines25 - Demographics - Retention,,,4,4,,,,,,35.92408715,,,,,,,,
googleadwords_int,SER|ACQ|Good Luck - MM,,,4,,,4,,,,5.9390592,,,,,,,,
google_organic_seo,our-papier-range,,4,4,,,4,,,,0.0,,,,,,,,
googleadwords_int,SER|RET|Get Well Soon - MM,,,4,,,4,,,,4.84,,,,,,,,
googleadwords_int,Valentines Day Flowers,,,4,,,4,,,,13.3793202,,,,,,,,
Facebook Ads,Fday24 - Copy test - Acquisition,,,4,2,,2,,,,59.0263212,,,,,,,,
google_organic_seo,our-biscuiteers-range,,4,4,,,4,,,,36.45604754,,,,,,,,
googleadwords_int,spring-birthday,,,4,,,4,,,,7.7980386,,,,,,,,
googleadwords_int,SER|RET|Sympathy - MM,,,4,,,4,,,,55.61,,,,,,,,
Facebook Ads,Acquisition_FD25_Templatetest,,,4,2,,2,,,,2.9267580800000004,,,,,,,,
googleadwords_int,SER|RET|Occasions|Photocards,,,4,,,4,,,,0.0,,,,,,,,
Facebook Ads,Fday24 - Prospecting - Acquisition,,,4,2,,2,,,,34.7547317,,,,,,,,
google_organic_seo,bestselling,,4,4,,,4,,,,24.215504840000005,,,,,,,,
Facebook Ads,Retention_Promotion_postage,,,3,2,,1,,,,11.074582020000001,,,,,,,,
googleadwords_int,Shoptimised | Incremental | Performance Max | Trending | ACQ,,,3,,,3,,,,15.4,,,,,,,,
googleadwords_int,SER|ACQ|Birthday|Photocards,,,3,,,3,,,,0.0,,,,,,,,
googleadwords_int,SER|ACQ|Occasions|Photocards,,,3,,,3,,,,10.87955,,,,,,,,
tiktokglobal_int,MD25 - Carousel - Retention,,,3,3,,,,,,4.7337758999999995,,,,,,,,
Facebook Ads,Acquisition_FD25_catalogue,,,3,1,,2,,,,3.4520382,,,,,,,,
website-thortful,web-BR-Banner-faceswap,,8,3,3,,,,,,12.99,,,,,,,,
Facebook Ads,Retention_Promotion_30,,,3,3,,,,,,15.49,,,,,,,,
googleadwords_int,SER|RET|Thank You - EX,,,3,,,3,,,,24.119999999999994,,,,,,,,
Facebook Ads,Mothers24 - Last Chance - Retention,,,3,1,,2,,,,9.604761,,,,,,,,
Facebook Ads,Summer24 - thank you teacher - Acquisition,,,3,1,,2,,,,15.81,,,,,,,,
google_organic_seo,for-her,,3,3,,,3,,,,0.0,,,,,,,,
google_organic_seo,under-15,,3,3,,,3,,,,0.0,,,,,,,,
google_organic_seo,mothers-day-gifts,,3,3,,,3,,,,7.222169279999999,,,,,,,,
google_organic_seo,mothers-day-all-flowers,,3,3,,,3,,,,9.771875,,,,,,,,
google_organic_seo,cute-christmas-card-packs,,3,3,,,3,,,,9.785327969999999,,,,,,,,
google_organic_seo,birthday-card-packs,,3,3,,,3,,,,17.6874325,,,,,,,,
google_organic_seo,send-a-smile,,3,3,,,3,,,,11.16609585,,,,,,,,
google_organic_seo,birthday,,3,3,,,3,,,,26.007659779999997,,,,,,,,
googleadwords_int,fathers-day-drinks,,,3,,,3,,,,0.0,,,,,,,,
googleadwords_int,SER|ACQ|Mother's Day - EX Hub Page - Mother's Day (EX),,,3,,,3,,,,21.7568231,,,,,,,,
googleadwords_int,SER|RET|Just Because - EX,,,3,,,3,,,,16.8101884,,,,,,,,
Facebook Ads,Spring24 - CHTestPlain - Retention,,,3,1,,2,,,,47.3860442,,,,,,,,
google_organic_seo,fathers-day-under-20,,2,2,,,2,,,,19.8010484,,,,,,,,
google_organic_seo,home-and-pampering,,2,2,,,2,,,,0.0,,,,,,,,
google_organic_seo,for-him,,2,2,,,2,,,,0.0,,,,,,,,
google_organic_seo,under-10,,2,2,,,2,,,,0.0,,,,,,,,
google_organic_seo,our-experiences-range,,2,2,,,2,,,,0.0,,,,,,,,
emarsys,XMASTREAT_FULFILLMENTOFFER_FOLLOWUP_RESEND,11,2,2,2,,,,,,7.513721780000001,,,,,,,,
emarsys,crm-header-anniversary,,68,2,,,2,,,,3.7501529999999996,,,,,,,,
googleadwords_int,SER|RET|Misc - BR,,,2,,,2,,,,13.77,,,,,,,,
googleadwords_int,SER|ACQ|Generic Cards - MM - Google Ads Tag Test,,,2,,,2,,,,0.0,,,,,,,,
googleadwords_int,22604465218,,,2,,,2,,,,0.0,,,,,,,,
googleadwords_int,SER|RET|Animals - MM,,,2,,,2,,,,0.0,,,,,,,,
Facebook Ads,Vday25 - Reach - Retention,,,2,2,,,,,,23.99,,,,,,,,
Facebook Ads,Acquisition_Summer25_Cardpacks,,,2,2,,,,,,22.69,,,,,,,,
googleadwords_int,SER|RET|Sorry - BR,,,2,1,,1,,,,0.0,,,,,,,,
googleadwords_int,SER|ACQ|Good Luck - EX,,,2,,,2,,,,12.18,,,,,,,,
googleadwords_int,22190899329,,,2,,,2,,,,4.312451200000001,,,,,,,,
Twitter,Fday24 - Bestsellers - Retention,,,2,2,,,,,,33.03,,,,,,,,
googleadwords_int,SHP|ACQ|All Products - Generics - BACKUP,,,2,,,2,,,,8.33,,,,,,,,
googleadwords_int,22715090108,,,2,,,2,,,,10.95130756,,,,,,,,
googleadwords_int,SER|ACQ|Congratulations - EX Corvidae Conversion Goal Test - Congratulations,,,2,,,2,,,,11.3580382,,,,,,,,
Facebook Ads,q225 - Consideration Test Awareness - Retention,,,2,1,,1,,,,14.0791437,,,,,,,,
Facebook Ads,Spring24A - Interests -volume test (B) - Acquisition,,,2,1,,1,,,,20.7344355,,,,,,,,
Facebook Ads,Jan25 - Apptest - Acquisition,,,2,1,,1,,,,3.7243888,,,,,,,,
Facebook Ads,Acquisition_Summer25_Birthdaystatics,,,2,1,,1,,,,9.36,,,,,,,,
Facebook Ads,Fday24 - last chance - retention,,,2,1,,1,,,,7.638884880000001,,,,,,,,
impact,RetailMeNot UK Ltd.,4,3,2,2,,,,,,6.1174912,,,,,,,,
googleadwords_int,SER|ACQ|Birthday - EX Birthday Hub page,,,2,,,2,,,,31.69,,,,,,,,
Facebook Ads,Valentines24 - Lastchance - Acquisition,,,2,2,,,,,,47.7,,,,,,,,
googleadwords_int,SER|RET|Sympathy - BR,,,2,,,2,,,,0.0,,,,,,,,
Facebook Ads,Valentines25 - FS android - Acquisition,,,1,1,,,,,,0.0,,,,,,,,
googleadwords_int,home-and-pampering,,,1,,,1,,,,0.0,,,,,,,,
Facebook Ads,NewYear24 - Catalogue - Acquisition,,,1,1,,,,,,0.0,,,,,,,,
googleadwords_int,DMG|RET|Test- Birthday 23,,,1,,,1,,,,0.0,,,,,,,,
googleadwords_int,DSC|RET|Test- Birthday 23,,,1,,,1,,,,0.0,,,,,,,,
emarsys,20240130_1200_AUTOMATION_G_JAN24_PREPOTENTIALCARDIES_4FOR10,1,1,1,1,,,,,,3.34,,,,,,,,
Social_Influencers,pr-general-face-swap-2025-01-27,,2,1,1,,,,,,0.0,,,,,,,,
yahoo_organic_seo,flower-and-plants,,1,1,,,1,,,,5.24233891,,,,,,,,
yahoo_organic_seo,under-15,,1,1,,,1,,,,0.0,,,,,,,,
yahoo_organic_seo,our-tonys-chocolonely-gifts,,1,1,,,1,,,,0.0,,,,,,,,
yahoo_organic_seo,alcohol,,1,1,,,1,,,,0.0,,,,,,,,
Facebook Ads,Valentines25 - FS android - Retention,,,1,1,,,,,,0.0,,,,,,,,
bloomreach,crm-header-logo,,17,1,,,1,,,,15.4138176,,,,,,,,
emarsys,20240127_1208_AUTOMATION_G_EVERGREENWINBACK_NEW_APR23_RESEND,1,1,1,1,,,,,,2.6342914000000004,,,,,,,,
emarsys,20240129_1209_BAU_V_Contingency_50off_Inactive,5,1,1,1,,,,,,2.36718,,,,,,,,
google_organic_seo,anniversary,,1,1,,,1,,,,9.090663600000001,,,,,,,,
google_organic_seo,experience-range,,1,1,,,1,,,,0.0,,,,,,,,
google_organic_seo,wedding-and-engagement-gifts,,1,1,,,1,,,,0.0,,,,,,,,
google_organic_seo,christmas,,1,1,,,1,,,,11.07417622,,,,,,,,
google_organic_seo,mday-gift-experiences,,1,1,,,1,,,,0.0,,,,,,,,
google_organic_seo,christmas gifts-£20-and-under,,1,1,,,1,,,,15.102502059999999,,,,,,,,
google_organic_seo,valentines-day,,1,1,,,1,,,,0.0,,,,,,,,
Facebook Ads,Spring24A - consolidated test - Acquisition,,,1,1,,,,,,8.28,,,,,,,,
google_organic_seo,Christmas-gifts,,1,1,,,1,,,,0.0,,,,,,,,
googleadwords_int,our-tonys-chocolonely-gifts,,,1,,,1,,,,0.0,,,,,,,,
google_organic_seo,Valentines-day-20-and-under,,1,1,,,1,,,,30.602319,,,,,,,,
Facebook Ads,Summer24 - Gentle Humour - Retention,,,1,1,,,,,,73.99365537999999,,,,,,,,
Facebook Ads,Valentines24 - Lastchance - retention,,,1,1,,,,,,2.7808352,,,,,,,,
Facebook Ads,Fday24 - storytest - Acquisition,,,1,,,1,,,,9.898182,,,,,,,,
google_organic_seo,spring-birthday,,1,1,,,1,,,,2.72517697,,,,,,,,
ecosia_organic_seo,our-tonys-chocolonely-gifts,,1,1,,,1,,,,0.0,,,,,,,,
googleadwords_int,SHP|RET|Father's Day 24|Gifts,,,1,,,1,,,,0.0,,,,,,,,
googleadwords_int,SER|RET|Sorry - MM,,,1,,,1,,,,0.0,,,,,,,,
googleadwords_int,21408403668,,,1,,,1,,,,0.0,,,,,,,,
Facebook Ads,RetentionRestructure - Trialist - Retention,,,1,1,,,,,,0.0,,,,,,,,
googleadwords_int,Shoptimised | Incremental | Performance Max | Valentines | ACQ,,,1,,,1,,,,0.0,,,,,,,,
ecosia_organic_seo,flower-and-plants,,1,1,,,1,,,,0.0,,,,,,,,
google_organic_seo,over-30,,1,1,,,1,,,,2.786238,,,,,,,,
Facebook Ads,Brand_consideration_2305,,,1,1,,,,,,18.66,,,,,,,,
google_organic_seo,Valentines Day Flowers,,1,1,,,1,,,,0.0,,,,,,,,
google_organic_seo,fathers-day-foodie,,1,1,,,1,,,,0.0,,,,,,,,
googleadwords_int,22394221193,,,1,,,1,,,,0.0,,,,,,,,
googleadwords_int,SER|RET|Faith - EX,,,1,,,1,,,,0.0,,,,,,,,
googleadwords_int,SHP|RET|Valentine's Day 24,,,1,,,1,,,,0.0,,,,,,,,
Facebook Ads,Brand_consideration_23/06,,,1,1,,,,,,4.2399591,,,,,,,,
googleadwords_int,SER|RET|Good Luck - MM,,,1,,,1,,,,0.0,,,,,,,,
googleadwords_int,fathers-day-foodie,,,1,,,1,,,,0.0,,,,,,,,
googleadwords_int,SER|RET|INT|Send Abroad - MM,,,1,,,1,,,,0.0,,,,,,,,
Facebook Ads,Spring24A - Interests - costgoal test (B) - Acquisition – Copy,,,1,1,,,,,,0.0,,,,,,,,
googleadwords_int,22763518054,,,1,,,1,,,,3.4784801999999995,,,,,,,,
Facebook Ads,Brand25 - coles - INFLUENCER,,,1,1,,,,,,0.0,,,,,,,,
googleadwords_int,SHP|ACQ|Gifts - Spring 24,68662,396,1,,,1,149.89999999999998,149.89999999999998,,0.0,,,,,,,,
Facebook Ads,NewYear24 - Style - Acquisition,,,1,1,,,,,,0.0,,,,,,,,
impact,YieldKit GmbH,1,2,1,1,,,,,,23.209822350000003,,,,,,,,
Facebook Ads,Vday25 - Flowers - Retention,,,1,1,,,,,,12.38,,,,,,,,
Facebook Ads,Mday25 - what women want - BRAND,,,1,1,,,,,,4.64,,,,,,,,
googleadwords_int,SHP|ACQ|Mother's Day - Gifts,,,1,,,1,,,,0.0,,,,,,,,
Facebook Ads,Brand_consideration_0106,,,1,1,,,,,,12.99,,,,,,,,
website-thortful,None,,5,,,,,,,,0.0,,,,,,,,
website-thortful,testlukeMDAY,,1,,,,,,,,0.0,,,,,,,,
website-thortful,web-PDP-download-CTA-fday,,1,,,,,,,,0.0,,,,,,,,
emarsys,Copy of AUTOMATION_G_PROSPECT_1_2023,1,,,,,,,,,0.0,,,,,,,,
af_banner,af_banner_campaign,,,,,,,,,,,,,,,,,,
my_media_source,None,,6,,,,,,,,0.0,,,,,,,,
emarsys,20240130_1137_AUTOMATION_G_EVERGREENWINBACK_NEW_APR23,,,,,,,,,,,,,,,,,,
Facebook Ads,acquisition_Valentines24_styles,1,,,,,,,,,0.0,,,,,,,,
Facebook Ads,acquisition_Valentines24_dynamic,2,,,,,,,,,0.0,,,,,,,,
attentive,fullscreen_homepage_test1,,,,,,,,,,,,,,,,,,
meta-test,testing-appsflyer-deeplink,,2,,,,,,,,0.0,,,,,,,,
emarsys,Copy of Send2_2023 Abandon Basket Test Deeplink,1,,,,,,,,,0.0,,,,,,,,
emarsys,20240130_1137_AUTOMATION_G_EVERGREENWINBACK_CARDIESTEST_AUG23_EMSMS,,,,,,,,,,,,,,,,,,
Social_facebook,retention_mday24,,1,,,,,,,,0.0,,,,,,,,
