media-source,campaign,installs appsflyer,impressions,clicks,source_files
organic,None,214098,0,0,"2024-01-01__2025-07-20.csv, 2025-07-21__2025-08-19.csv"
googleadwords_int,None,34221,0,0,"2024-01-01__2025-07-20.csv, 2025-07-21__2025-08-19.csv"
website-thortful,web-promo-code-error,28639,0,50594,"2024-01-01__2025-07-20.csv, 2025-07-21__2025-08-19.csv"
google_organic_seo,None,27969,0,27992,"2024-01-01__2025-07-20.csv, 2025-07-21__2025-08-19.csv"
googleadwords_int,SER|RET|Brand - Pure Brand - EX,19857,1573,1241,"2024-01-01__2025-07-20.csv, 2025-07-21__2025-08-19.csv"
googleadwords_int,SHP|ACQ|All Products - Generics,17940,9280818,111393,"2024-01-01__2025-07-20.csv, 2025-07-21__2025-08-19.csv"
website-thortful,web-PDP-download-CTA-fday30-202,13716,0,24952,"2024-01-01__2025-07-20.csv, 2025-07-21__2025-08-19.csv"
website-thortful,web-PDP-MDAY-NEWAPP25,11836,0,23480,"2024-01-01__2025-07-20.csv, 2025-07-21__2025-08-19.csv"
website-thortful,web-PDP-download-CTA,11233,0,19190,"2024-01-01__2025-07-20.csv, 2025-07-21__2025-08-19.csv"
googleadwords_int,SER|ACQ|Brand - EX,11107,101682,82124,"2024-01-01__2025-07-20.csv, 2025-07-21__2025-08-19.csv"
website-thortful,web-footer-download-button,8578,0,19838,"2024-01-01__2025-07-20.csv, 2025-07-21__2025-08-19.csv"
googleadwords_int,APP|ACQ|Downloads - Android,8017,0,0,"2024-01-01__2025-07-20.csv, 2025-07-21__2025-08-19.csv"
website-thortful,web-PLP-download-MODAL-mday25,4881,0,8416,"2024-01-01__2025-07-20.csv, 2025-07-21__2025-08-19.csv"
website-thortful,web-PDP-download-MODAL-fday40-2024,4654,0,8246,"2024-01-01__2025-07-20.csv, 2025-07-21__2025-08-19.csv"
website-thortful,web-PDP-download-MODAL-fday30-2024,4129,0,7468,"2024-01-01__2025-07-20.csv, 2025-07-21__2025-08-19.csv"
website-thortful,web-PLP-download-modal,3659,0,5782,"2024-01-01__2025-07-20.csv, 2025-07-21__2025-08-19.csv"
website-thortful,web-PLP-download-BANNER-bday-faceswap,3520,0,11652,"2024-01-01__2025-07-20.csv, 2025-07-21__2025-08-19.csv"
website-thortful,web-PLP-download-MODAL-fday40-2024,3008,0,5319,"2024-01-01__2025-07-20.csv, 2025-07-21__2025-08-19.csv"
Facebook Ads,Vday25 - FS android APPINSTALL - Acquisition – Copy,2705,0,0,"2024-01-01__2025-07-20.csv, 2025-07-21__2025-08-19.csv"
website-thortful,web-PLP-download-MODAL-fday30-2024,2537,0,4665,"2024-01-01__2025-07-20.csv, 2025-07-21__2025-08-19.csv"
googleadwords_int,SHP|ACQ|Zombie,2490,1032727,12017,"2024-01-01__2025-07-20.csv, 2025-07-21__2025-08-19.csv"
website-thortful,web-postpurchase-download-banner-app20,2195,0,7862,"2024-01-01__2025-07-20.csv, 2025-07-21__2025-08-19.csv"
googleadwords_int,Shoptimised | Incremental | Performance Max | All Customers | ACQ,2027,4900285,35578,"2024-01-01__2025-07-20.csv, 2025-07-21__2025-08-19.csv"
googleadwords_int,SHP|ACQ|Valentine's Day 25,2006,0,0,2024-01-01__2025-07-20.csv
website-thortful,web-homepage-download-banne-app20r,1913,0,3607,"2024-01-01__2025-07-20.csv, 2025-07-21__2025-08-19.csv"
googleadwords_int,SER|ACQ|Birthday - MM,1908,104601,17779,"2024-01-01__2025-07-20.csv, 2025-07-21__2025-08-19.csv"
googleadwords_int,SHP|ACQ|All Products - Brand,1806,5043959,9132,"2024-01-01__2025-07-20.csv, 2025-07-21__2025-08-19.csv"
googleadwords_int,SHP|ACQ|Christmas 24,1787,0,0,2024-01-01__2025-07-20.csv
website-thortful,web-account-download-banner-app20,1716,0,5257,"2024-01-01__2025-07-20.csv, 2025-07-21__2025-08-19.csv"
website-thortful,web-blog-face-swap,1402,0,2238,"2024-01-01__2025-07-20.csv, 2025-07-21__2025-08-19.csv"
website-thortful,web-PLP-download-MODAL-bday-faceswap,1362,0,3297,"2024-01-01__2025-07-20.csv, 2025-07-21__2025-08-19.csv"
website-thortful,web-postpurchase-download-banner,1356,0,4067,"2024-01-01__2025-07-20.csv, 2025-07-21__2025-08-19.csv"
googleadwords_int,SHP|ACQ|Birthday - Generics,1202,9725311,119316,2024-01-01__2025-07-20.csv
bloomreach,BAU,1186,0,14048,"2024-01-01__2025-07-20.csv, 2025-07-21__2025-08-19.csv"
Facebook Ads,Valentines24 - Interests - Acquisition,1022,0,0,2024-01-01__2025-07-20.csv
googleadwords_int,SER|RET|Brand - Long Tail Brand - BR,975,0,0,"2024-01-01__2025-07-20.csv, 2025-07-21__2025-08-19.csv"
googleadwords_int,SER|ACQ|Generic Cards - MM,968,32206,4801,"2024-01-01__2025-07-20.csv, 2025-07-21__2025-08-19.csv"
website-thortful,web-blog-download-link,943,0,1975,"2024-01-01__2025-07-20.csv, 2025-07-21__2025-08-19.csv"
googleadwords_int,SER|RET|Birthday - MM,922,4088,1295,"2024-01-01__2025-07-20.csv, 2025-07-21__2025-08-19.csv"
googleadwords_int,SHP|ACQ|Father's Day 25,861,0,0,2024-01-01__2025-07-20.csv
impactradius_int,GET35OFFAPP,832,0,3521,"2024-01-01__2025-07-20.csv, 2025-07-21__2025-08-19.csv"
emarsys,app40_postpurchase,831,0,2251,"2024-01-01__2025-07-20.csv, 2025-07-21__2025-08-19.csv"
Facebook Ads,Valentines24 - Catalogue - Acquisition,825,0,0,2024-01-01__2025-07-20.csv
Facebook Ads,Mothers24 - Demographics - Acquisition,823,0,0,2024-01-01__2025-07-20.csv
Apple Search Ads,18861888,815,0,0,"2024-01-01__2025-07-20.csv, 2025-07-21__2025-08-19.csv"
Facebook Ads,Vday25 - FS android - Acquisition,804,0,0,"2024-01-01__2025-07-20.csv, 2025-07-21__2025-08-19.csv"
Facebook Ads,Valentines24 - Demographics - Acquisition,786,0,0,2024-01-01__2025-07-20.csv
Facebook Ads,Valentines24 - Dynamic - Acquisition,763,0,0,2024-01-01__2025-07-20.csv
Facebook Ads,Fday24 - Demographics - Acquisition,701,0,0,2024-01-01__2025-07-20.csv
googleadwords_int,Shoptimised | IP | Incremental | Performance Max |ACQ|,693,204084,1491,"2024-01-01__2025-07-20.csv, 2025-07-21__2025-08-19.csv"
bloomreach,BAU_v_220125_faceswap_bday,678,0,9274,"2024-01-01__2025-07-20.csv, 2025-07-21__2025-08-19.csv"
Facebook Ads,Vday25 - FS android APPINSTALL - retention,670,0,0,"2024-01-01__2025-07-20.csv, 2025-07-21__2025-08-19.csv"
Facebook Ads,Valentines24 - T2 - acquisition,661,0,0,2024-01-01__2025-07-20.csv
googleadwords_int,SHP|ACQ|Mother's Day 25,658,0,0,2024-01-01__2025-07-20.csv
googleadwords_int,SHP|RET|All Products - Generics,643,189534,2742,"2024-01-01__2025-07-20.csv, 2025-07-21__2025-08-19.csv"
website-thortful,web-homepage-download-banner,638,0,1064,"2024-01-01__2025-07-20.csv, 2025-07-21__2025-08-19.csv"
Facebook Ads,Mday25 - FS android - Acquisition,621,0,0,2024-01-01__2025-07-20.csv
website-thortful,web-PLP-download-MODAL-vday-faceswap,609,0,1449,"2024-01-01__2025-07-20.csv, 2025-07-21__2025-08-19.csv"
googleadwords_int,SHP|ACQ|Father's Day 24,560,21844,204,2024-01-01__2025-07-20.csv
googleadwords_int,SHP|ACQ|Valentine's Day 24 (v2),548,0,0,2024-01-01__2025-07-20.csv
googleadwords_int,SER|ACQ|INT|Send to UK - MM,529,0,0,"2024-01-01__2025-07-20.csv, 2025-07-21__2025-08-19.csv"
website-thortful,web-PLP-download-BANNER-vday-faceswap,516,0,1625,"2024-01-01__2025-07-20.csv, 2025-07-21__2025-08-19.csv"
Facebook Ads,Vday25 - Interests - Retention,515,0,0,"2024-01-01__2025-07-20.csv, 2025-07-21__2025-08-19.csv"
googleadwords_int,SER|ACQ|Generic Cards - BR,510,37587,2799,2024-01-01__2025-07-20.csv
website-thortful,web-account-download-banner,505,0,1171,"2024-01-01__2025-07-20.csv, 2025-07-21__2025-08-19.csv"
Facebook Ads,Fday24 - Interests - Acquisition,504,0,0,2024-01-01__2025-07-20.csv
transactional_postmark,footer-transactional,501,0,3056,"2024-01-01__2025-07-20.csv, 2025-07-21__2025-08-19.csv"
Facebook Ads,Valentines24 - Interests - Retention,489,0,0,2024-01-01__2025-07-20.csv
googleadwords_int,SER|ACQ|Valentine's - EX,470,0,0,2024-01-01__2025-07-20.csv
emarsys,crm-header-logo,467,4,5552,"2024-01-01__2025-07-20.csv, 2025-07-21__2025-08-19.csv"
Facebook Ads,None,466,0,0,2024-01-01__2025-07-20.csv
googleadwords_int,SHP|ACQ|Anniversary,463,0,0,"2024-01-01__2025-07-20.csv, 2025-07-21__2025-08-19.csv"
Facebook Ads,Valentines24 - Catalogue - Retention,443,0,0,2024-01-01__2025-07-20.csv
bloomreach,BAU_M_050325_MDfaceswap,430,0,4426,"2024-01-01__2025-07-20.csv, 2025-07-21__2025-08-19.csv"
Facebook Ads,Acquisition_FD25_Interests,409,0,0,"2024-01-01__2025-07-20.csv, 2025-07-21__2025-08-19.csv"
Facebook Ads,Vday25 - Interests - Acquisition,401,0,0,"2024-01-01__2025-07-20.csv, 2025-07-21__2025-08-19.csv"
googleadwords_int,SHP|RET|Birthday - Generics,372,942856,14253,2024-01-01__2025-07-20.csv
print,print_App40Flyer2024,368,0,722,"2024-01-01__2025-07-20.csv, 2025-07-21__2025-08-19.csv"
googleadwords_int,SER|ACQ|Birthday - BR,367,69016,7038,2024-01-01__2025-07-20.csv
QR_code,Face-swap-flyer-14-Jan,363,0,653,"2024-01-01__2025-07-20.csv, 2025-07-21__2025-08-19.csv"
Facebook Ads,Valentines24 - Advantage - Acquisition v2 Campaign,345,0,0,2024-01-01__2025-07-20.csv
googleadwords_int,SER|ACQ|Father's Day - EX,342,0,0,2024-01-01__2025-07-20.csv
Facebook Ads,Mothers24 - Catalogue - Acquisition,334,0,0,2024-01-01__2025-07-20.csv
googleadwords_int,SHP|ACQ|Mother's Day 24,333,0,0,2024-01-01__2025-07-20.csv
googleadwords_int,SER|ACQ|Valentine's - BR,327,0,0,2024-01-01__2025-07-20.csv
googleadwords_int,SER|RET|Congratulations - MM,327,0,0,"2024-01-01__2025-07-20.csv, 2025-07-21__2025-08-19.csv"
googleadwords_int,SHP|RET|Christmas 24,324,0,0,2024-01-01__2025-07-20.csv
Facebook Ads,Valentines24 - Styles - Acquisition,310,0,0,2024-01-01__2025-07-20.csv
Facebook Ads,Mday25 - FS android - Retention,308,0,0,"2024-01-01__2025-07-20.csv, 2025-07-21__2025-08-19.csv"
Facebook Ads,Valentines24 - Demographics - Retention,305,0,0,2024-01-01__2025-07-20.csv
Facebook Ads,Vday25 - Demographics - Retention,302,0,0,"2024-01-01__2025-07-20.csv, 2025-07-21__2025-08-19.csv"
Facebook Ads,Vday25 - hero - Retention,302,0,0,"2024-01-01__2025-07-20.csv, 2025-07-21__2025-08-19.csv"
Facebook Ads,Acquisition_FD25_Demographics,297,0,0,"2024-01-01__2025-07-20.csv, 2025-07-21__2025-08-19.csv"
duckduckgo_organic_seo,None,293,0,293,"2024-01-01__2025-07-20.csv, 2025-07-21__2025-08-19.csv"
Facebook Ads,Summer24 - BAU - Retention,285,0,0,2024-01-01__2025-07-20.csv
Facebook Ads,Vday25 - FS android - Retention,280,0,0,"2024-01-01__2025-07-20.csv, 2025-07-21__2025-08-19.csv"
yahoo_organic_seo,None,278,0,278,"2024-01-01__2025-07-20.csv, 2025-07-21__2025-08-19.csv"
Facebook Ads,Valentines24 - Dynamic - Retention,269,0,0,2024-01-01__2025-07-20.csv
googleadwords_int,SER|ACQ|DSA,267,0,0,2024-01-01__2025-07-20.csv
googleadwords_int,SER|ACQ|Anniversaries - MM,265,0,0,"2024-01-01__2025-07-20.csv, 2025-07-21__2025-08-19.csv"
Facebook Ads,Acquisition_FD25_T2,259,0,0,"2024-01-01__2025-07-20.csv, 2025-07-21__2025-08-19.csv"
googleadwords_int,SER|RET|Generic Cards - MM,254,0,0,"2024-01-01__2025-07-20.csv, 2025-07-21__2025-08-19.csv"
Facebook Ads,Mothers24 - Demographics - Retention,248,0,0,2024-01-01__2025-07-20.csv
googleadwords_int,SER|RET|Congratulations - BR,242,0,0,"2024-01-01__2025-07-20.csv, 2025-07-21__2025-08-19.csv"
Facebook Ads,FDay24 - Styles - Acquisition,237,0,0,2024-01-01__2025-07-20.csv
Facebook Ads,Retention_FD25_T2,235,0,0,"2024-01-01__2025-07-20.csv, 2025-07-21__2025-08-19.csv"
Facebook Ads,Vday25 - Demographics - Acquisition,224,0,0,"2024-01-01__2025-07-20.csv, 2025-07-21__2025-08-19.csv"
googleadwords_int,SER|ACQ|Mother's Day - EX,210,0,0,2024-01-01__2025-07-20.csv
Facebook Ads,Valentines24 - T2 - retention,209,0,0,2024-01-01__2025-07-20.csv
googleadwords_int,SER|ACQ|Congratulations - MM,207,0,0,"2024-01-01__2025-07-20.csv, 2025-07-21__2025-08-19.csv"
Facebook Ads,Vday25 - Catalogue - Retention,206,0,0,"2024-01-01__2025-07-20.csv, 2025-07-21__2025-08-19.csv"
Facebook Ads,Retention_FD25_Demographics,203,0,0,"2024-01-01__2025-07-20.csv, 2025-07-21__2025-08-19.csv"
Facebook Ads,Mday25 - Interests - Acquisition,199,0,0,"2024-01-01__2025-07-20.csv, 2025-07-21__2025-08-19.csv"
Facebook Ads,Valentines24 - ProductRetargeting - Acquisition,198,0,0,2024-01-01__2025-07-20.csv
googleadwords_int,SER|RET|Christmas - BR,198,0,0,2024-01-01__2025-07-20.csv
Facebook Ads,Christmas24 - Interests - Retention,193,0,0,2024-01-01__2025-07-20.csv
Facebook Ads,Christmas24 - Demographics - Retention,186,0,0,2024-01-01__2025-07-20.csv
Facebook Ads,Autumn24 - BAU - Retention,186,0,0,2024-01-01__2025-07-20.csv
googleadwords_int,SER|RET|Anniversaries - BR,186,384,72,"2024-01-01__2025-07-20.csv, 2025-07-21__2025-08-19.csv"
Facebook Ads,Acquisition_FD25_Hero,183,0,0,"2024-01-01__2025-07-20.csv, 2025-07-21__2025-08-19.csv"
Facebook Ads,Retention_FD25_FSAndroid,181,0,0,"2024-01-01__2025-07-20.csv, 2025-07-21__2025-08-19.csv"
googleadwords_int,SER|RET|Generic Cards - BR,180,5711,1020,2024-01-01__2025-07-20.csv
Facebook Ads,Valentines24 - Styles - Retention,180,0,0,2024-01-01__2025-07-20.csv
Facebook Ads,Mothers24 - Catalogue - Retention,177,0,0,2024-01-01__2025-07-20.csv
Facebook Ads,Fday24 - Demographics - Retention,174,0,0,2024-01-01__2025-07-20.csv
Facebook Ads,Spring24 - Catalogue - Retention,174,959492,19391,2024-01-01__2025-07-20.csv
Facebook Ads,Vday25 - Catalogue - Acquisition,171,0,0,2024-01-01__2025-07-20.csv
Facebook Ads,Retention_FD25_Interests,168,0,0,"2024-01-01__2025-07-20.csv, 2025-07-21__2025-08-19.csv"
googleadwords_int,SER|ACQ|Engagements & Weddings - MM,168,0,0,"2024-01-01__2025-07-20.csv, 2025-07-21__2025-08-19.csv"
emarsys,app180424,164,0,442,"2024-01-01__2025-07-20.csv, 2025-07-21__2025-08-19.csv"
Facebook Ads,Mothers24 - Styles - Acquisition,164,0,0,2024-01-01__2025-07-20.csv
googleadwords_int,SER|RET|Christmas - EX,163,0,0,2024-01-01__2025-07-20.csv
Facebook Ads,Vday25 - Online thoughtful - Acquisition,162,0,0,"2024-01-01__2025-07-20.csv, 2025-07-21__2025-08-19.csv"
Facebook Ads,Mothers24 - Dynamic - Acquisition,160,0,0,2024-01-01__2025-07-20.csv
Facebook Ads,Vday25 - T2 - Acquisition,154,0,0,2024-01-01__2025-07-20.csv
Facebook Ads,Fday24 - WkT-3 - Acquisition,152,0,0,2024-01-01__2025-07-20.csv
Facebook Ads,Valentines24 - ProductRetargeting - Retention,146,0,0,2024-01-01__2025-07-20.csv
googleadwords_int,SER|RET|Anniversaries - MM,144,0,0,"2024-01-01__2025-07-20.csv, 2025-07-21__2025-08-19.csv"
Facebook Ads,Mday25 - Demographics - Acquisition,142,0,0,"2024-01-01__2025-07-20.csv, 2025-07-21__2025-08-19.csv"
Facebook Ads,Christmas24 - Hero - Retention,140,0,0,2024-01-01__2025-07-20.csv
googleadwords_int,SER|RET|Brand - Long Tail Brand - EX,139,0,0,"2024-01-01__2025-07-20.csv, 2025-07-21__2025-08-19.csv"
Facebook Ads,Vday25 - Online Overwhelmed - Acquisition,136,0,0,"2024-01-01__2025-07-20.csv, 2025-07-21__2025-08-19.csv"
googleadwords_int,SER|ACQ|Birthday - MM Google Ads Tag,135,0,0,"2024-01-01__2025-07-20.csv, 2025-07-21__2025-08-19.csv"
googleadwords_int,Shoptimised | Performance MAX | NoClicks | New Customers Only | Incremental ACQ,134,254869,1212,"2024-01-01__2025-07-20.csv, 2025-07-21__2025-08-19.csv"
Facebook Ads,Mday25 - Interests - Retention,133,0,0,"2024-01-01__2025-07-20.csv, 2025-07-21__2025-08-19.csv"
Facebook Ads,Mday25 - Demographics - Retention,132,0,0,"2024-01-01__2025-07-20.csv, 2025-07-21__2025-08-19.csv"
Facebook Ads,Mday25 - Hero - Acquisition,131,0,0,"2024-01-01__2025-07-20.csv, 2025-07-21__2025-08-19.csv"
tiktokglobal_int,Valentines25 - Hero - Acquisition,129,0,0,"2024-01-01__2025-07-20.csv, 2025-07-21__2025-08-19.csv"
Facebook Ads,Mothers24 - Interests - Retention,127,0,0,2024-01-01__2025-07-20.csv
Facebook Ads,Vday25 - T2 - Retention,127,0,0,"2024-01-01__2025-07-20.csv, 2025-07-21__2025-08-19.csv"
Facebook Ads,Mothers24 - Interests - Acquisition,126,0,0,2024-01-01__2025-07-20.csv
Facebook Ads,Mday25 - T2 - Acquisition,125,0,0,"2024-01-01__2025-07-20.csv, 2025-07-21__2025-08-19.csv"
Facebook Ads,Vday25 - T1 Creative - Retention,125,0,0,"2024-01-01__2025-07-20.csv, 2025-07-21__2025-08-19.csv"
googleadwords_int,SER|ACQ|Interests - BR,125,0,0,"2024-01-01__2025-07-20.csv, 2025-07-21__2025-08-19.csv"
googleadwords_int,SER|ACQ|Animals - BR,124,0,0,2024-01-01__2025-07-20.csv
googleadwords_int,SER|ACQ|Father's Day - BR,123,0,0,2024-01-01__2025-07-20.csv
Facebook Ads,Mday25 - Misc - Acquisition,115,0,0,"2024-01-01__2025-07-20.csv, 2025-07-21__2025-08-19.csv"
googleadwords_int,SER|ACQ|Brand - BR,113,1175,327,2024-01-01__2025-07-20.csv
tiktokglobal_int,FD25 - Acquisition - Tiktok,111,0,0,"2024-01-01__2025-07-20.csv, 2025-07-21__2025-08-19.csv"
googleadwords_int,SER|ACQ|INT|Send Abroad - BR,108,0,0,2024-01-01__2025-07-20.csv
googleadwords_int,SER|ACQ|Mother's Day - BR,108,0,0,2024-01-01__2025-07-20.csv
Facebook Ads,Newyear24 - Dynamic - Retention,107,0,0,2024-01-01__2025-07-20.csv
Facebook Ads,Mothers24 - A+ - acquisition Campaign,105,0,0,2024-01-01__2025-07-20.csv
googleadwords_int,SHP|RET|All Products - Brand,104,14622,103,2024-01-01__2025-07-20.csv
Facebook Ads,Mothers24 - Styles - Retention,103,0,0,2024-01-01__2025-07-20.csv
googleadwords_int,SER|ACQ|Mother's Day - DSA,103,0,0,2024-01-01__2025-07-20.csv
Facebook Ads,NewYear24A - Style - Acquisition,101,0,0,2024-01-01__2025-07-20.csv
Facebook Ads,Retention_FD25_Hero,101,0,0,"2024-01-01__2025-07-20.csv, 2025-07-21__2025-08-19.csv"
googleadwords_int,SER|ACQ|Thank You - BR,101,0,0,2024-01-01__2025-07-20.csv
googleadwords_int,SER|RET|Birthday - BR,100,4981,809,2024-01-01__2025-07-20.csv
Facebook Ads,NewYear24 - Style - Retention,100,0,0,2024-01-01__2025-07-20.csv
Facebook Ads,NewYear24 - Catalogue - retention,100,0,0,2024-01-01__2025-07-20.csv
googleadwords_int,SER|ACQ|Just Because - BR,100,1507,100,"2024-01-01__2025-07-20.csv, 2025-07-21__2025-08-19.csv"
googleadwords_int,SER|ACQ|Christmas - EX,99,0,0,2024-01-01__2025-07-20.csv
Facebook Ads,Fday24 - Interests - Retention,99,0,0,2024-01-01__2025-07-20.csv
Facebook Ads,Retention_FD25_Targeted,99,0,0,"2024-01-01__2025-07-20.csv, 2025-07-21__2025-08-19.csv"
googleadwords_int,SER|ACQ|Congratulations - BR,98,11923,873,2024-01-01__2025-07-20.csv
card-back-thortful,card-back-vday-faceswap,96,0,205,"2024-01-01__2025-07-20.csv, 2025-07-21__2025-08-19.csv"
Facebook Ads,Mday25 - T1 - Retention,92,0,0,"2024-01-01__2025-07-20.csv, 2025-07-21__2025-08-19.csv"
googleadwords_int,SER|RET|Father's Day - EX,91,0,0,2024-01-01__2025-07-20.csv
bing_organic_seo,None,91,0,91,"2024-01-01__2025-07-20.csv, 2025-07-21__2025-08-19.csv"
googleadwords_int,SER|RET|INT|Send to UK - EX,89,147,131,"2024-01-01__2025-07-20.csv, 2025-07-21__2025-08-19.csv"
Facebook Ads,Valentines24 - previousbuyers - retention,86,0,0,2024-01-01__2025-07-20.csv
googleadwords_int,DMG|ACQ|Valentine's Day 25,86,0,0,2024-01-01__2025-07-20.csv
googleadwords_int,SER|RET|Valentine's - BR,85,0,0,2024-01-01__2025-07-20.csv
Facebook Ads,FDay24 - Dynamic - Acquisition,84,0,0,2024-01-01__2025-07-20.csv
Facebook Ads,Valentines24 - Gifting - Retention,83,0,0,2024-01-01__2025-07-20.csv
googleadwords_int,SER|ACQ|Sympathy - EX,83,1295,160,"2024-01-01__2025-07-20.csv, 2025-07-21__2025-08-19.csv"
Facebook Ads,Christmas24 - Styles - Retention,82,0,0,2024-01-01__2025-07-20.csv
Facebook Ads,Retention_FD25_HighPotential,81,0,0,"2024-01-01__2025-07-20.csv, 2025-07-21__2025-08-19.csv"
Facebook Ads,Q225 - Anniversary - Retention,79,0,0,"2024-01-01__2025-07-20.csv, 2025-07-21__2025-08-19.csv"
tiktokglobal_int,MD25 - Carousel - Acquisition,79,0,0,"2024-01-01__2025-07-20.csv, 2025-07-21__2025-08-19.csv"
googleadwords_int,Shoptimised | Performance MAX | NoClicks | Incremental ACQ,79,0,0,"2024-01-01__2025-07-20.csv, 2025-07-21__2025-08-19.csv"
Facebook Ads,Acquisition_FD25_FSAndroid,78,0,0,"2024-01-01__2025-07-20.csv, 2025-07-21__2025-08-19.csv"
googleadwords_int,SER|ACQ|Leaving - BR,78,3318,385,2024-01-01__2025-07-20.csv
googleadwords_int,SER|ACQ|Birthday - MM Corvidae Test - Birthday Acq,77,0,0,2024-01-01__2025-07-20.csv
Facebook Ads,Mday25 - Hero - Retention,75,0,0,"2024-01-01__2025-07-20.csv, 2025-07-21__2025-08-19.csv"
Facebook Ads,Acquisition_FD25_HighPotential,74,0,0,"2024-01-01__2025-07-20.csv, 2025-07-21__2025-08-19.csv"
googleadwords_int,Shoptimised | Incremental | Performance Max | Thank you & Others | ACQ,74,0,0,"2024-01-01__2025-07-20.csv, 2025-07-21__2025-08-19.csv"
googleadwords_int,SER|ACQ|Leaving - MM,74,0,0,"2024-01-01__2025-07-20.csv, 2025-07-21__2025-08-19.csv"
Facebook Ads,Q1FY25 - BAU - Retention,73,0,0,"2024-01-01__2025-07-20.csv, 2025-07-21__2025-08-19.csv"
bloomreach,BAU_F_020625_FDThePerfectCard,72,0,3016,"2024-01-01__2025-07-20.csv, 2025-07-21__2025-08-19.csv"
Facebook Ads,Vday25 - retargeting - Retention,72,0,0,"2024-01-01__2025-07-20.csv, 2025-07-21__2025-08-19.csv"
Social_Influencers,pr-influencer-face-swap-2025-01-27,71,0,370,"2024-01-01__2025-07-20.csv, 2025-07-21__2025-08-19.csv"
Facebook Ads,FDay24 - Catalogue - Acquisition,70,0,0,2024-01-01__2025-07-20.csv
googleadwords_int,SER|ACQ|Interests - MM,70,0,0,"2024-01-01__2025-07-20.csv, 2025-07-21__2025-08-19.csv"
googleadwords_int,SER|ACQ|Good Luck - BR,69,0,0,2024-01-01__2025-07-20.csv
af_banner,fullscreen_homepage_test1,69,907,154,2024-01-01__2025-07-20.csv
google_organic_seo,our-tonys-chocolonely-gifts,69,0,69,"2024-01-01__2025-07-20.csv, 2025-07-21__2025-08-19.csv"
googleadwords_int,SER|ACQ|Christmas - BR,68,0,0,2024-01-01__2025-07-20.csv
Facebook Ads,Vday25 - Advantage+ - Acquisition Campaign,68,0,0,"2024-01-01__2025-07-20.csv, 2025-07-21__2025-08-19.csv"
Facebook Ads,Mday25 - Misc - Retention,67,0,0,"2024-01-01__2025-07-20.csv, 2025-07-21__2025-08-19.csv"
Facebook Ads,Q225 - Birthday - Retention,67,0,0,"2024-01-01__2025-07-20.csv, 2025-07-21__2025-08-19.csv"
Facebook Ads,Retention_FD25_T1,66,0,0,"2024-01-01__2025-07-20.csv, 2025-07-21__2025-08-19.csv"
Facebook Ads,Valentines24 - video - retention,65,0,0,2024-01-01__2025-07-20.csv
googleadwords_int,SHP|RET|Father's Day 24,64,0,0,2024-01-01__2025-07-20.csv
print,app_20_flyer,64,0,82,"2024-01-01__2025-07-20.csv, 2025-07-21__2025-08-19.csv"
Facebook Ads,FDay24 - Styles - Retention,64,0,0,2024-01-01__2025-07-20.csv
googleadwords_int,SER|ACQ|Engagements & Weddings - BR,64,0,0,"2024-01-01__2025-07-20.csv, 2025-07-21__2025-08-19.csv"
googleadwords_int,SER|ACQ|TV Shows - MM,64,0,0,"2024-01-01__2025-07-20.csv, 2025-07-21__2025-08-19.csv"
Facebook Ads,Vday25 - T1 Creative - Acquisition,63,0,0,"2024-01-01__2025-07-20.csv, 2025-07-21__2025-08-19.csv"
Facebook Ads,Retention_FD25_Statics,63,0,0,"2024-01-01__2025-07-20.csv, 2025-07-21__2025-08-19.csv"
googleadwords_int,SER|RET|Engagements & Weddings - MM,63,0,0,"2024-01-01__2025-07-20.csv, 2025-07-21__2025-08-19.csv"
googleadwords_int,DMG|ACQ|Mother's Day 25,62,0,0,2024-01-01__2025-07-20.csv
googleadwords_int,SER|RET|Thank You - BR,62,0,0,"2024-01-01__2025-07-20.csv, 2025-07-21__2025-08-19.csv"
ecosia_organic_seo,None,61,0,61,"2024-01-01__2025-07-20.csv, 2025-07-21__2025-08-19.csv"
Facebook Ads,Spring24 - Anniversary - Retention,60,868942,9396,2024-01-01__2025-07-20.csv
Facebook Ads,Mday25 - targeted - Retention,58,0,0,"2024-01-01__2025-07-20.csv, 2025-07-21__2025-08-19.csv"
googleadwords_int,SER|ACQ|INT|Send to UK - BR,57,0,0,"2024-01-01__2025-07-20.csv, 2025-07-21__2025-08-19.csv"
Facebook Ads,Retention_Summer25_Anniversary,57,0,0,"2024-01-01__2025-07-20.csv, 2025-07-21__2025-08-19.csv"
googleadwords_int,SER|ACQ|Birthday - MM Corvidae Test,56,0,0,2024-01-01__2025-07-20.csv
googleadwords_int,SER|ACQ|Anniversaries - BR,56,6049,630,2024-01-01__2025-07-20.csv
googleadwords_int,SER|RET|Mother's Day - EX,56,0,0,2024-01-01__2025-07-20.csv
googleadwords_int,DMG|ACQ|Mother's Day 24,56,0,0,2024-01-01__2025-07-20.csv
googleadwords_int,SER|RET|Christmas - EX Corvidae Test - Christmas Returning,55,0,0,2024-01-01__2025-07-20.csv
googleadwords_int,SHP|RET|Father's Day 25,54,0,0,2024-01-01__2025-07-20.csv
googleadwords_int,SER|ACQ|Generic Cards - MM - tROAS Test,54,0,0,2024-01-01__2025-07-20.csv
googleadwords_int,SER|ACQ|Generic Cards - BR Corvidae Test,54,0,0,2024-01-01__2025-07-20.csv
Facebook Ads,Acquisition_FD25_Targeted,53,0,0,"2024-01-01__2025-07-20.csv, 2025-07-21__2025-08-19.csv"
Facebook Ads,Christmas24 - Demographics - Acquisition,51,0,0,2024-01-01__2025-07-20.csv
googleadwords_int,SER|ACQ|Gifts - BR,50,0,0,2024-01-01__2025-07-20.csv
googleadwords_int,SER|ACQ|INT|Send to UK - EX - tROAS Test,50,0,0,2024-01-01__2025-07-20.csv
Twitter,Mother24 - Bestsellers - Acquisition,50,0,0,2024-01-01__2025-07-20.csv
Facebook Ads,FDay24 - Catalogue - Retention,49,0,0,2024-01-01__2025-07-20.csv
Facebook Ads,Christmas24 - Hero - Acquisition,49,0,0,2024-01-01__2025-07-20.csv
googleadwords_int,SER|ACQ|Get Well Soon - BR,49,1887,146,2024-01-01__2025-07-20.csv
Facebook Ads,Fday24 - Trialists - Retention,48,0,0,2024-01-01__2025-07-20.csv
googleadwords_int,SER|ACQ|Generic Cards - EX Corvidae Test - Generic Acq EX,48,0,0,2024-01-01__2025-07-20.csv
Facebook Ads,Mothers24 - Dynamic - Retention,48,0,0,2024-01-01__2025-07-20.csv
Facebook Ads,FDay24 - Dynamic - Retention,47,0,0,2024-01-01__2025-07-20.csv
website-thortful,web-PLP-download-BANNER-mday-faceswap,47,0,189,"2024-01-01__2025-07-20.csv, 2025-07-21__2025-08-19.csv"
google_organic_seo,flower-and-plants,46,0,47,"2024-01-01__2025-07-20.csv, 2025-07-21__2025-08-19.csv"
googleadwords_int,SER|ACQ|Sorry - MM,45,0,0,"2024-01-01__2025-07-20.csv, 2025-07-21__2025-08-19.csv"
Facebook Ads,Mothers24 - retargeting - Retention,44,0,0,2024-01-01__2025-07-20.csv
googleadwords_int,SER|ACQ|Generic Cards - BR Corvidae Test - Generic Acq Broad,43,0,0,2024-01-01__2025-07-20.csv
googleadwords_int,SER|RET|Brand - Pure Brand - BR,43,0,0,"2024-01-01__2025-07-20.csv, 2025-07-21__2025-08-19.csv"
googleadwords_int,SHP|ACQ|Birthday,43,0,0,2025-07-21__2025-08-19.csv
googleadwords_int,SER|ACQ|Generic Cards - EX SER|ACQ|Generic Cards - EX - Corvidae Test,42,0,0,2024-01-01__2025-07-20.csv
Facebook Ads,Fday24 - Retargeting - Retention,41,0,0,2024-01-01__2025-07-20.csv
Facebook Ads,Spring24 - Retargeting - Retention,41,224128,6978,2024-01-01__2025-07-20.csv
Facebook Ads,Mothers24 - retargeting - Acquisition,41,0,0,2024-01-01__2025-07-20.csv
Facebook Ads,Retention_FD25_FSIOS,40,0,0,"2024-01-01__2025-07-20.csv, 2025-07-21__2025-08-19.csv"
googleadwords_int,SER|RET|Gifts - BR,40,0,0,2024-01-01__2025-07-20.csv
website-thortful,web-PDP-download-MODAL-fday30-paid-2024,40,0,100,2024-01-01__2025-07-20.csv
Facebook Ads,Summer24 - BAU - Acquisition,39,0,0,2024-01-01__2025-07-20.csv
Facebook Ads,Acquisition_FD25_T1,38,0,0,"2024-01-01__2025-07-20.csv, 2025-07-21__2025-08-19.csv"
Facebook Ads,Christmas24 - Interests - Acquisition,38,0,0,2024-01-01__2025-07-20.csv
Facebook Ads,Autumn24 - BAU - Acquisition,38,0,0,2024-01-01__2025-07-20.csv
googleadwords_int,SHP|RET|Congratulations - Generics,37,21319,353,2024-01-01__2025-07-20.csv
googleadwords_int,SER|RET|Good Luck - BR,37,0,0,"2024-01-01__2025-07-20.csv, 2025-07-21__2025-08-19.csv"
googleadwords_int,SER|ACQ|Sympathy - BR,36,0,0,2024-01-01__2025-07-20.csv
googleadwords_int,SER|ACQ|Christmas - EX Corvidae Test - Christmas Acquisition,36,0,0,2024-01-01__2025-07-20.csv
Facebook Ads,Jan25 - Apptest - Retention,35,0,0,2024-01-01__2025-07-20.csv
googleadwords_int,SER|ACQ|Thank You - MM,35,0,0,"2024-01-01__2025-07-20.csv, 2025-07-21__2025-08-19.csv"
googleadwords_int,SER|ACQ|Mother's Day - BR Promo Code Test - March 25,34,0,0,2024-01-01__2025-07-20.csv
googleadwords_int,SER|ACQ|Creators - EX,34,0,0,2024-01-01__2025-07-20.csv
Twitter,Valentines24 - Trending - Acquisition,33,0,0,2024-01-01__2025-07-20.csv
tiktokglobal_int,Valentines25 - Demographics - Acquisition,32,0,0,2024-01-01__2025-07-20.csv
Facebook Ads,Mday25 - targeted - Acquisition,31,0,0,2024-01-01__2025-07-20.csv
Facebook Ads,Q225 - Birthday - Acquisition,31,0,0,2024-01-01__2025-07-20.csv
googleadwords_int,fathers-day-gifts,31,0,0,2024-01-01__2025-07-20.csv
bloomreach,BAU_F_210525_Faceswap,30,0,416,"2024-01-01__2025-07-20.csv, 2025-07-21__2025-08-19.csv"
googleadwords_int,22154270364,30,0,0,2024-01-01__2025-07-20.csv
Facebook Ads,Spring24 - Birthday - Retention,30,325587,4295,2024-01-01__2025-07-20.csv
googleadwords_int,SER|RET|INT|Send Abroad - BR,30,0,0,2024-01-01__2025-07-20.csv
Facebook Ads,Newyear24A - Dynamic - Acquisition,30,0,0,2024-01-01__2025-07-20.csv
googleadwords_int,SER|ACQ|Animals - MM,30,0,0,"2024-01-01__2025-07-20.csv, 2025-07-21__2025-08-19.csv"
Facebook Ads,Spring24 - Interests - Retention,29,0,0,2024-01-01__2025-07-20.csv
Facebook Ads,Christmas24 - UGC - Retention,29,0,0,2024-01-01__2025-07-20.csv
googleadwords_int,SER|ACQ|Mother's Day - EX Corvidae Final Test,29,0,0,2024-01-01__2025-07-20.csv
googleadwords_int,SER|ACQ|Get Well Soon - MM,29,0,0,"2024-01-01__2025-07-20.csv, 2025-07-21__2025-08-19.csv"
Facebook Ads,Retention_Summer25_Cardpacks,29,0,0,"2024-01-01__2025-07-20.csv, 2025-07-21__2025-08-19.csv"
Facebook Ads,Valentines24 - T1 - Acquisition,28,0,0,2024-01-01__2025-07-20.csv
googleadwords_int,DMG|ACQ|Test- Birthday 24,28,280787,8853,2024-01-01__2025-07-20.csv
Facebook Ads,Spring24A - Catalogue - Acquisition,27,126532,3632,2024-01-01__2025-07-20.csv
googleadwords_int,SER|ACQ|Birthday - MM Corvidae LSTM Final Pilot Test,26,0,0,2024-01-01__2025-07-20.csv
googleadwords_int,SER|RET|Just Because - BR,26,0,0,2024-01-01__2025-07-20.csv
googleadwords_int,SER|ACQ|Generic Cards - MM - Google Ads Tag Test,26,0,0,"2024-01-01__2025-07-20.csv, 2025-07-21__2025-08-19.csv"
Facebook Ads,Vday25 - Advantage+ - Retention Campaign,25,0,0,"2024-01-01__2025-07-20.csv, 2025-07-21__2025-08-19.csv"
Facebook Ads,Mothers24 - Last Chance - Acquisition,25,0,0,2024-01-01__2025-07-20.csv
Facebook Ads,Jan25 - rebrand - Retention,25,0,0,2024-01-01__2025-07-20.csv
Facebook Ads,Mday25 - discounttest - Retention,24,0,0,2024-01-01__2025-07-20.csv
Facebook Ads,Retention_Summer25_Birthday,23,0,0,"2024-01-01__2025-07-20.csv, 2025-07-21__2025-08-19.csv"
Facebook Ads,Vday25 - T0 - Retention,23,0,0,2024-01-01__2025-07-20.csv
googleadwords_int,SHP|ACQ|Valentine's Day 25 - Gifts,23,0,0,2024-01-01__2025-07-20.csv
Facebook Ads,Retention_FD25_Promo,22,0,0,"2024-01-01__2025-07-20.csv, 2025-07-21__2025-08-19.csv"
Facebook Ads,Fday24 - Previous Buyers - Retention,22,0,0,2024-01-01__2025-07-20.csv
googleadwords_int,SHP|ACQ|Christmas 24 - Gifts,22,0,0,2024-01-01__2025-07-20.csv
googleadwords_int,DMG|RET|Christmas 24,22,0,0,2024-01-01__2025-07-20.csv
googleadwords_int,SER|RET|Animals - BR,22,0,0,2024-01-01__2025-07-20.csv
googleadwords_int,SER|ACQ|INT|Send Abroad - MM,22,0,0,"2024-01-01__2025-07-20.csv, 2025-07-21__2025-08-19.csv"
tiktokglobal_int,FD25 - Retention - Tiktok,21,0,0,"2024-01-01__2025-07-20.csv, 2025-07-21__2025-08-19.csv"
Facebook Ads,Valentines24 - Gifting - Retention – reach,21,0,0,2024-01-01__2025-07-20.csv
google_organic_seo,confectionery,21,0,21,"2024-01-01__2025-07-20.csv, 2025-07-21__2025-08-19.csv"
googleadwords_int,SER|RET|TV Shows - MM,21,0,0,"2024-01-01__2025-07-20.csv, 2025-07-21__2025-08-19.csv"
Facebook Ads,Spring24 - Demographics - Retention,20,0,0,2024-01-01__2025-07-20.csv
Facebook Ads,Valentines24 - T1 - Retention,20,0,0,2024-01-01__2025-07-20.csv
google_organic_seo,christmas-card-packs,20,0,20,2024-01-01__2025-07-20.csv
googleadwords_int,SHP|RET|Taylor Swift - Generics,20,4767,49,2024-01-01__2025-07-20.csv
Facebook Ads,Christmas24 - Styles - Acquisition,20,0,0,2024-01-01__2025-07-20.csv
Facebook Ads,Q225 - Spring Discount Campaign - Retention,20,0,0,"2024-01-01__2025-07-20.csv, 2025-07-21__2025-08-19.csv"
googleadwords_int,SER|RET|Engagements & Weddings - BR,20,91,15,2024-01-01__2025-07-20.csv
Facebook Ads,Retention_Summer25_Anniversary_corvidae,20,0,0,2025-07-21__2025-08-19.csv
googleadwords_int,SER|ACQ|Generic Cards - EX Corvidae LSTM,19,0,0,2024-01-01__2025-07-20.csv
tiktokglobal_int,Valentines25 - Hero - Retention,19,0,0,"2024-01-01__2025-07-20.csv, 2025-07-21__2025-08-19.csv"
googleadwords_int,SHP|RET|Engagement - Generics,19,0,0,2024-01-01__2025-07-20.csv
googleadwords_int,SER|RET|Interests - BR,19,0,0,2024-01-01__2025-07-20.csv
googleadwords_int,SER|ACQ|Faith - MM,19,0,0,"2024-01-01__2025-07-20.csv, 2025-07-21__2025-08-19.csv"
googleadwords_int,Valentines Day,18,0,0,2024-01-01__2025-07-20.csv
Facebook Ads,Valentines - staticretargeting - retention,18,0,0,2024-01-01__2025-07-20.csv
googleadwords_int,SER|RET|INT|Send to UK - BR,18,0,0,2024-01-01__2025-07-20.csv
googleadwords_int,SER|RET|Father's Day - BR,18,0,0,2024-01-01__2025-07-20.csv
Facebook Ads,Fday24 - week 1 - Acquisition,18,0,0,2024-01-01__2025-07-20.csv
googleadwords_int,SER|ACQ|Faith - BR,18,0,0,2024-01-01__2025-07-20.csv
googleadwords_int,DMG|RET|Test- Birthday 24,18,34785,416,2024-01-01__2025-07-20.csv
googleadwords_int,SER|ACQ|TV Shows - EX,18,1677,364,2024-01-01__2025-07-20.csv
googleadwords_int,SER|ACQ|Just Because - MM,18,0,0,"2024-01-01__2025-07-20.csv, 2025-07-21__2025-08-19.csv"
Facebook Ads,Fday24 - Retargeting - Acquisition,17,0,0,2024-01-01__2025-07-20.csv
Facebook Ads,Valentines24 - Dynamic - Acquisition – lookalike,17,0,0,2024-01-01__2025-07-20.csv
Facebook Ads,Q225 - Anniversary - Acquisition,17,0,0,2024-01-01__2025-07-20.csv
Facebook Ads,Spring24A - Demographics - Acquisition,17,102588,985,2024-01-01__2025-07-20.csv
emarsys,None,16,0,3834,2024-01-01__2025-07-20.csv
test,test-kirill,16,0,30,2024-01-01__2025-07-20.csv
bloomreach,BAU_G_120525_ThisisThat,16,0,5855,"2024-01-01__2025-07-20.csv, 2025-07-21__2025-08-19.csv"
googleadwords_int,SER|ACQ|Trends - EX,15,0,0,2024-01-01__2025-07-20.csv
googleadwords_int,SHP|ACQ|Father's Day 25 - Gifts,15,0,0,2024-01-01__2025-07-20.csv
bloomreach,BAU_G_090425_Photocards,15,0,96,"2024-01-01__2025-07-20.csv, 2025-07-21__2025-08-19.csv"
googleadwords_int,APP|ACQ|Downloads - iOS,15,0,0,2024-01-01__2025-07-20.csv
googleadwords_int,SER|RET|Leaving - MM,15,0,0,"2024-01-01__2025-07-20.csv, 2025-07-21__2025-08-19.csv"
googleadwords_int,SER|RET|Interests - MM,15,0,0,"2024-01-01__2025-07-20.csv, 2025-07-21__2025-08-19.csv"
googleadwords_int,SER|ACQ|Gifts - MM,15,0,0,"2024-01-01__2025-07-20.csv, 2025-07-21__2025-08-19.csv"
Facebook Ads,Acquisition_Summer25_Anniversary,15,0,0,2025-07-21__2025-08-19.csv
googleadwords_int,SER|RET|Valentine's - EX,14,0,0,2024-01-01__2025-07-20.csv
Facebook Ads,FDay24 - WkT-2 - Acquisition,14,0,0,2024-01-01__2025-07-20.csv
website-thortful,web-PLP-download-MODAL-fday30-paid-2024,14,0,36,"2024-01-01__2025-07-20.csv, 2025-07-21__2025-08-19.csv"
bloomreach,BAU_EMAIL_AppBenefits_14_08_25,14,0,2165,2025-07-21__2025-08-19.csv
googleadwords_int,SER|RET|INT|Send Abroad - EX,13,0,0,2024-01-01__2025-07-20.csv
googleadwords_int,Performance Max|ACQ|Gifts,13,0,0,2024-01-01__2025-07-20.csv
Facebook Ads,Acquisition_Summer25_Birthday,13,0,0,"2024-01-01__2025-07-20.csv, 2025-07-21__2025-08-19.csv"
googleadwords_int,DMG|ACQ|Valentine's Day 24,13,0,0,2024-01-01__2025-07-20.csv
googleadwords_int,SHP|RET|Mother's Day 25,13,0,0,2024-01-01__2025-07-20.csv
Twitter,Fday24 - Bestsellers - Acquisition,13,0,0,2024-01-01__2025-07-20.csv
google_organic_seo,alcohol,13,0,13,"2024-01-01__2025-07-20.csv, 2025-07-21__2025-08-19.csv"
googleadwords_int,SHP|ACQ|Wedding,13,0,0,2025-07-21__2025-08-19.csv
Facebook Ads,Spring24 - Birthday - Acquisition,12,48522,546,2024-01-01__2025-07-20.csv
Facebook Ads,Q1FY25 - BAU - Acquisition,12,0,0,"2024-01-01__2025-07-20.csv, 2025-07-21__2025-08-19.csv"
googleadwords_int,letterbox,12,0,0,2024-01-01__2025-07-20.csv
googleadwords_int,SER|RET|Leaving - BR,12,0,0,2024-01-01__2025-07-20.csv
Facebook Ads,Valentines - staticretargeting - acquisition,12,0,0,2024-01-01__2025-07-20.csv
googleadwords_int,21261282891,12,0,0,2024-01-01__2025-07-20.csv
googleadwords_int,DMG|ACQ|Christmas 24,12,0,0,2024-01-01__2025-07-20.csv
googleadwords_int,SER|ACQ|Sorry - BR,12,0,0,2024-01-01__2025-07-20.csv
Facebook Ads,Fday24 - WkT-3 - Retention,11,0,0,2024-01-01__2025-07-20.csv
googleadwords_int,SER|ACQ|Mother's Day - Core - EX,11,0,0,2024-01-01__2025-07-20.csv
googleadwords_int,22277443825,11,0,0,2024-01-01__2025-07-20.csv
googleadwords_int,22489010622,11,0,0,2024-01-01__2025-07-20.csv
Facebook Ads,Jan25 - rebrand - Acquisition,11,0,0,2024-01-01__2025-07-20.csv
googleadwords_int,DMG|RET|Test- Father's Day 24,11,0,0,2024-01-01__2025-07-20.csv
googleadwords_int,SER|RET|Thank You - MM,11,0,0,"2024-01-01__2025-07-20.csv, 2025-07-21__2025-08-19.csv"
Facebook Ads,Vday25 - T0 - Acquisition,10,0,0,2024-01-01__2025-07-20.csv
Facebook Ads,Autumn24 - BAUPremium - Acquisition,10,0,0,2024-01-01__2025-07-20.csv
Facebook Ads,Retention_FD25_gifting,10,0,0,2024-01-01__2025-07-20.csv
googleadwords_int,DMG|RET|Birthday 24,10,0,0,2024-01-01__2025-07-20.csv
tiktokglobal_int,Valentines25 - Interests - Acquisition,10,0,0,2024-01-01__2025-07-20.csv
Facebook Ads,Summer24 - thank you teacher - Retention,10,0,0,2024-01-01__2025-07-20.csv
googleadwords_int,SER|ACQ|Leaving - EX,10,0,0,"2024-01-01__2025-07-20.csv, 2025-07-21__2025-08-19.csv"
bloomreach,beta_test,10,0,146,"2024-01-01__2025-07-20.csv, 2025-07-21__2025-08-19.csv"
Facebook Ads,Q225 - Easter - Retention,9,0,0,"2024-01-01__2025-07-20.csv, 2025-07-21__2025-08-19.csv"
googleadwords_int,SHP|ACQ|Father's Day 24|Gifts,9,0,0,2024-01-01__2025-07-20.csv
Facebook Ads,NewYear24A - Catalogue - Acquisition,9,0,0,2024-01-01__2025-07-20.csv
googleadwords_int,SER|ACQ|Faceswap,9,0,0,2024-01-01__2025-07-20.csv
Facebook Ads,Fday24 - Gifting - Retention,9,0,0,2024-01-01__2025-07-20.csv
googleadwords_int,22763518054,9,0,0,"2024-01-01__2025-07-20.csv, 2025-07-21__2025-08-19.csv"
googleadwords_int,SHP|ACQ|Mother's Day 25 #2,8,0,0,2024-01-01__2025-07-20.csv
googleadwords_int,SER|RET|Mother's Day - BR,8,0,0,2024-01-01__2025-07-20.csv
Facebook Ads,Christmas24 - UGC - Acquisition,8,0,0,2024-01-01__2025-07-20.csv
googleadwords_int,SER|RET|Birthday - MM Corvidae Conversion Goal Test,8,0,0,2024-01-01__2025-07-20.csv
bloomreach,BAU_G_020625_ThePerfectCard,8,0,591,"2024-01-01__2025-07-20.csv, 2025-07-21__2025-08-19.csv"
Facebook Ads,Fday24 - kidstest - Acquisition,8,0,0,2024-01-01__2025-07-20.csv
googleadwords_int,SER|ACQ|Generic Cards - BR Corvidae BROAD (NCD),8,0,0,2024-01-01__2025-07-20.csv
googleadwords_int,SER|ACQ|Misc - MM,8,0,0,"2024-01-01__2025-07-20.csv, 2025-07-21__2025-08-19.csv"
google_organic_seo,nio-cocktails,8,0,8,"2024-01-01__2025-07-20.csv, 2025-07-21__2025-08-19.csv"
googleadwords_int,SHP|ACQ|Birthday Card Packs,8,0,0,"2024-01-01__2025-07-20.csv, 2025-07-21__2025-08-19.csv"
Facebook Ads,Retention_Summer25_Birthdayvideo,8,0,0,2025-07-21__2025-08-19.csv
googleadwords_int,SHP|ACQ|Mother's Day 25 - Gifts,7,0,0,2024-01-01__2025-07-20.csv
googleadwords_int,SER|ACQ|Animals - EX,7,0,0,2024-01-01__2025-07-20.csv
googleadwords_int,DSC|RET|Remarketing- Birthday 23 (Product Feed),7,0,0,2024-01-01__2025-07-20.csv
googleadwords_int,21403223475,7,0,0,2024-01-01__2025-07-20.csv
Facebook Ads,Vday25 - retargeting - Acquisition,7,0,0,2024-01-01__2025-07-20.csv
Facebook Ads,Spring24A - Interests - Acquisition,7,79841,510,2024-01-01__2025-07-20.csv
auto_apply_test,None,7,0,56,2024-01-01__2025-07-20.csv
Facebook Ads,Spring24A - A+ - Acquisition Campaign,7,0,0,2024-01-01__2025-07-20.csv
Facebook Ads,Acquisition_FD25_FSIOS,7,0,0,2024-01-01__2025-07-20.csv
Facebook Ads,Retention_FD25_catalogue,7,0,0,2024-01-01__2025-07-20.csv
tiktokglobal_int,Valentines25 - FS IOS - Acquisition,7,0,0,2024-01-01__2025-07-20.csv
google_organic_seo,fathers-day-gifts,7,0,7,2024-01-01__2025-07-20.csv
googleadwords_int,21189369323,7,0,0,2024-01-01__2025-07-20.csv
Facebook Ads,Mothers24 - gifting - retention,7,0,0,2024-01-01__2025-07-20.csv
googleadwords_int,22858786776,7,0,0,2025-07-21__2025-08-19.csv
google_organic_seo,experiences-40-and-under,6,0,6,2024-01-01__2025-07-20.csv
googleadwords_int,SER|ACQ|Misc - BR,6,0,0,2024-01-01__2025-07-20.csv
googleadwords_int,22644962598,6,0,0,2024-01-01__2025-07-20.csv
Facebook Ads,FY24 - WeekendWinners - Retention,6,0,0,2024-01-01__2025-07-20.csv
Facebook Ads,Fday24 - last chance - Acquisition,6,0,0,2024-01-01__2025-07-20.csv
googleadwords_int,DMG|ACQ|Test- Father's Day 24,6,0,0,2024-01-01__2025-07-20.csv
Facebook Ads,Q225 - Spring Discount Campaign - Acquisition,6,0,0,2024-01-01__2025-07-20.csv
googleadwords_int,mothers-day-gifts,6,0,0,2024-01-01__2025-07-20.csv
googleadwords_int,21351230139,6,0,0,2024-01-01__2025-07-20.csv
Facebook Ads,Vday25 - FS IOS - Acquisition,6,0,0,2024-01-01__2025-07-20.csv
googleadwords_int,SER|ACQ|Just Because - EX,6,0,0,2024-01-01__2025-07-20.csv
googleadwords_int,SHP|ACQ|Valentine's Day - Gifts,6,0,0,2024-01-01__2025-07-20.csv
Facebook Ads,RetentionRestructure - Risk of Churn - Retention,6,0,0,2024-01-01__2025-07-20.csv
googleadwords_int,22176985599,6,0,0,2024-01-01__2025-07-20.csv
Facebook Ads,Valentines25 - Apptestinstall - Acquisition,6,0,0,2024-01-01__2025-07-20.csv
google_organic_seo,our-biscuiteers-range,6,0,6,"2024-01-01__2025-07-20.csv, 2025-07-21__2025-08-19.csv"
googleadwords_int,Shoptimised | Incremental | Performance Max | Trending | ACQ,6,0,0,"2024-01-01__2025-07-20.csv, 2025-07-21__2025-08-19.csv"
googleadwords_int,22715090108,6,0,0,"2024-01-01__2025-07-20.csv, 2025-07-21__2025-08-19.csv"
Facebook Ads,Acquisition_Summer25_Anniversary_corvidae,6,0,0,2025-07-21__2025-08-19.csv
Facebook Ads,Vday25 - FS IOS - Retention,5,0,0,2024-01-01__2025-07-20.csv
googleadwords_int,SER|RET|Get Well Soon - BR,5,0,0,2024-01-01__2025-07-20.csv
emarsys,crm-header-birthday,5,0,197,2024-01-01__2025-07-20.csv
Facebook Ads,Retention_Summer25_ThankyouTeacher,5,0,0,"2024-01-01__2025-07-20.csv, 2025-07-21__2025-08-19.csv"
googleadwords_int,SER|RET|Trends - MM,5,21,7,2024-01-01__2025-07-20.csv
googleadwords_int,christmas,5,0,0,2024-01-01__2025-07-20.csv
Facebook Ads,Mothers23 - App A+ Catalogue - Retention,5,0,0,2024-01-01__2025-07-20.csv
tiktokglobal_int,Valentines25 - AppInstall - promotion,5,0,0,2024-01-01__2025-07-20.csv
googleadwords_int,SER|RET|Animals - EX,5,0,0,2024-01-01__2025-07-20.csv
googleadwords_int,SER|ACQ|Good Luck - MM,5,0,0,"2024-01-01__2025-07-20.csv, 2025-07-21__2025-08-19.csv"
googleadwords_int,SER|RET|Get Well Soon - MM,5,0,0,"2024-01-01__2025-07-20.csv, 2025-07-21__2025-08-19.csv"
googleadwords_int,SER|RET|Sympathy - MM,5,0,0,"2024-01-01__2025-07-20.csv, 2025-07-21__2025-08-19.csv"
google_organic_seo,birthday-card-packs,5,0,5,"2024-01-01__2025-07-20.csv, 2025-07-21__2025-08-19.csv"
googleadwords_int,22773168615,5,0,0,2025-07-21__2025-08-19.csv
None,None,4,241,240580,"2024-01-01__2025-07-20.csv, 2025-07-21__2025-08-19.csv"
googleadwords_int,SHP|RET|Mother's Day 24,4,0,0,2024-01-01__2025-07-20.csv
tiktokglobal_int,Valentines25 - Demographics - Retention,4,0,0,"2024-01-01__2025-07-20.csv, 2025-07-21__2025-08-19.csv"
google_organic_seo,our-papier-range,4,0,4,2024-01-01__2025-07-20.csv
googleadwords_int,Valentines Day Flowers,4,0,0,2024-01-01__2025-07-20.csv
Facebook Ads,Fday24 - Copy test - Acquisition,4,0,0,2024-01-01__2025-07-20.csv
googleadwords_int,spring-birthday,4,0,0,2024-01-01__2025-07-20.csv
Facebook Ads,Acquisition_FD25_Templatetest,4,0,0,"2024-01-01__2025-07-20.csv, 2025-07-21__2025-08-19.csv"
googleadwords_int,SER|RET|Occasions|Photocards,4,0,0,2024-01-01__2025-07-20.csv
Facebook Ads,Fday24 - Prospecting - Acquisition,4,0,0,2024-01-01__2025-07-20.csv
google_organic_seo,bestselling,4,0,4,2024-01-01__2025-07-20.csv
googleadwords_int,SER|RET|INT|Send Abroad - MM,4,0,0,"2024-01-01__2025-07-20.csv, 2025-07-21__2025-08-19.csv"
Facebook Ads,Retention_Promotion_postage,3,0,0,2024-01-01__2025-07-20.csv
googleadwords_int,SER|ACQ|Birthday|Photocards,3,0,0,2024-01-01__2025-07-20.csv
googleadwords_int,SER|ACQ|Occasions|Photocards,3,0,0,2024-01-01__2025-07-20.csv
tiktokglobal_int,MD25 - Carousel - Retention,3,0,0,2024-01-01__2025-07-20.csv
Facebook Ads,Acquisition_FD25_catalogue,3,0,0,2024-01-01__2025-07-20.csv
website-thortful,web-BR-Banner-faceswap,3,0,8,2024-01-01__2025-07-20.csv
Facebook Ads,Retention_Promotion_30,3,0,0,2024-01-01__2025-07-20.csv
googleadwords_int,SER|RET|Thank You - EX,3,0,0,2024-01-01__2025-07-20.csv
Facebook Ads,Mothers24 - Last Chance - Retention,3,0,0,2024-01-01__2025-07-20.csv
Facebook Ads,Summer24 - thank you teacher - Acquisition,3,0,0,2024-01-01__2025-07-20.csv
google_organic_seo,for-her,3,0,3,2024-01-01__2025-07-20.csv
google_organic_seo,under-15,3,0,3,2024-01-01__2025-07-20.csv
google_organic_seo,mothers-day-gifts,3,0,3,2024-01-01__2025-07-20.csv
google_organic_seo,mothers-day-all-flowers,3,0,3,2024-01-01__2025-07-20.csv
google_organic_seo,cute-christmas-card-packs,3,0,3,2024-01-01__2025-07-20.csv
google_organic_seo,send-a-smile,3,0,3,2024-01-01__2025-07-20.csv
google_organic_seo,birthday,3,0,3,2024-01-01__2025-07-20.csv
googleadwords_int,fathers-day-drinks,3,0,0,2024-01-01__2025-07-20.csv
googleadwords_int,SER|ACQ|Mother's Day - EX Hub Page - Mother's Day (EX),3,0,0,2024-01-01__2025-07-20.csv
googleadwords_int,SER|RET|Just Because - EX,3,0,0,2024-01-01__2025-07-20.csv
Facebook Ads,Spring24 - CHTestPlain - Retention,3,0,0,2024-01-01__2025-07-20.csv
google_organic_seo,home-and-pampering,3,0,3,"2024-01-01__2025-07-20.csv, 2025-07-21__2025-08-19.csv"
googleadwords_int,SER|RET|Animals - MM,3,0,0,"2024-01-01__2025-07-20.csv, 2025-07-21__2025-08-19.csv"
Facebook Ads,Acquisition_Summer25_Birthdaystatics,3,0,0,"2024-01-01__2025-07-20.csv, 2025-07-21__2025-08-19.csv"
googleadwords_int,22839563471,3,0,0,2025-07-21__2025-08-19.csv
google_organic_seo,fathers-day-under-20,2,0,2,2024-01-01__2025-07-20.csv
google_organic_seo,for-him,2,0,2,2024-01-01__2025-07-20.csv
google_organic_seo,under-10,2,0,2,2024-01-01__2025-07-20.csv
google_organic_seo,our-experiences-range,2,0,2,2024-01-01__2025-07-20.csv
emarsys,XMASTREAT_FULFILLMENTOFFER_FOLLOWUP_RESEND,2,11,2,2024-01-01__2025-07-20.csv
emarsys,crm-header-anniversary,2,0,68,2024-01-01__2025-07-20.csv
googleadwords_int,SER|RET|Misc - BR,2,0,0,2024-01-01__2025-07-20.csv
googleadwords_int,22604465218,2,0,0,2024-01-01__2025-07-20.csv
Facebook Ads,Vday25 - Reach - Retention,2,0,0,2024-01-01__2025-07-20.csv
Facebook Ads,Acquisition_Summer25_Cardpacks,2,0,0,2024-01-01__2025-07-20.csv
googleadwords_int,SER|RET|Sorry - BR,2,0,0,2024-01-01__2025-07-20.csv
googleadwords_int,SER|ACQ|Good Luck - EX,2,0,0,2024-01-01__2025-07-20.csv
googleadwords_int,22190899329,2,0,0,2024-01-01__2025-07-20.csv
Twitter,Fday24 - Bestsellers - Retention,2,0,0,2024-01-01__2025-07-20.csv
googleadwords_int,SHP|ACQ|All Products - Generics - BACKUP,2,0,0,2024-01-01__2025-07-20.csv
googleadwords_int,SER|ACQ|Congratulations - EX Corvidae Conversion Goal Test - Congratulations,2,0,0,2024-01-01__2025-07-20.csv
Facebook Ads,q225 - Consideration Test Awareness - Retention,2,0,0,2024-01-01__2025-07-20.csv
Facebook Ads,Spring24A - Interests -volume test (B) - Acquisition,2,0,0,2024-01-01__2025-07-20.csv
Facebook Ads,Jan25 - Apptest - Acquisition,2,0,0,2024-01-01__2025-07-20.csv
Facebook Ads,Fday24 - last chance - retention,2,0,0,2024-01-01__2025-07-20.csv
impact,RetailMeNot UK Ltd.,2,4,3,2024-01-01__2025-07-20.csv
googleadwords_int,SER|ACQ|Birthday - EX Birthday Hub page,2,0,0,2024-01-01__2025-07-20.csv
Facebook Ads,Valentines24 - Lastchance - Acquisition,2,0,0,2024-01-01__2025-07-20.csv
googleadwords_int,SER|RET|Sympathy - BR,2,0,0,2024-01-01__2025-07-20.csv
googleadwords_int,SER|RET|Good Luck - MM,2,0,0,"2024-01-01__2025-07-20.csv, 2025-07-21__2025-08-19.csv"
Facebook Ads,Retention_Summer25_Birthdaystatics,2,0,0,2025-07-21__2025-08-19.csv
Facebook Ads,Valentines25 - FS android - Acquisition,1,0,0,2024-01-01__2025-07-20.csv
googleadwords_int,home-and-pampering,1,0,0,2024-01-01__2025-07-20.csv
Facebook Ads,NewYear24 - Catalogue - Acquisition,1,0,0,2024-01-01__2025-07-20.csv
googleadwords_int,DMG|RET|Test- Birthday 23,1,0,0,2024-01-01__2025-07-20.csv
googleadwords_int,DSC|RET|Test- Birthday 23,1,0,0,2024-01-01__2025-07-20.csv
emarsys,20240130_1200_AUTOMATION_G_JAN24_PREPOTENTIALCARDIES_4FOR10,1,1,1,2024-01-01__2025-07-20.csv
Social_Influencers,pr-general-face-swap-2025-01-27,1,0,3,"2024-01-01__2025-07-20.csv, 2025-07-21__2025-08-19.csv"
yahoo_organic_seo,flower-and-plants,1,0,1,2024-01-01__2025-07-20.csv
yahoo_organic_seo,under-15,1,0,1,2024-01-01__2025-07-20.csv
yahoo_organic_seo,our-tonys-chocolonely-gifts,1,0,1,2024-01-01__2025-07-20.csv
yahoo_organic_seo,alcohol,1,0,1,2024-01-01__2025-07-20.csv
Facebook Ads,Valentines25 - FS android - Retention,1,0,0,2024-01-01__2025-07-20.csv
bloomreach,crm-header-logo,1,0,17,2024-01-01__2025-07-20.csv
emarsys,20240127_1208_AUTOMATION_G_EVERGREENWINBACK_NEW_APR23_RESEND,1,1,1,2024-01-01__2025-07-20.csv
emarsys,20240129_1209_BAU_V_Contingency_50off_Inactive,1,5,1,2024-01-01__2025-07-20.csv
google_organic_seo,anniversary,1,0,1,2024-01-01__2025-07-20.csv
google_organic_seo,experience-range,1,0,1,2024-01-01__2025-07-20.csv
google_organic_seo,wedding-and-engagement-gifts,1,0,1,2024-01-01__2025-07-20.csv
google_organic_seo,christmas,1,0,1,2024-01-01__2025-07-20.csv
google_organic_seo,mday-gift-experiences,1,0,1,2024-01-01__2025-07-20.csv
google_organic_seo,christmas gifts-£20-and-under,1,0,1,2024-01-01__2025-07-20.csv
google_organic_seo,valentines-day,1,0,1,2024-01-01__2025-07-20.csv
Facebook Ads,Spring24A - consolidated test - Acquisition,1,0,0,2024-01-01__2025-07-20.csv
google_organic_seo,Christmas-gifts,1,0,1,2024-01-01__2025-07-20.csv
googleadwords_int,our-tonys-chocolonely-gifts,1,0,0,2024-01-01__2025-07-20.csv
google_organic_seo,Valentines-day-20-and-under,1,0,1,2024-01-01__2025-07-20.csv
Facebook Ads,Summer24 - Gentle Humour - Retention,1,0,0,2024-01-01__2025-07-20.csv
Facebook Ads,Valentines24 - Lastchance - retention,1,0,0,2024-01-01__2025-07-20.csv
Facebook Ads,Fday24 - storytest - Acquisition,1,0,0,2024-01-01__2025-07-20.csv
google_organic_seo,spring-birthday,1,0,1,2024-01-01__2025-07-20.csv
ecosia_organic_seo,our-tonys-chocolonely-gifts,1,0,1,2024-01-01__2025-07-20.csv
googleadwords_int,SHP|RET|Father's Day 24|Gifts,1,0,0,2024-01-01__2025-07-20.csv
googleadwords_int,SER|RET|Sorry - MM,1,0,0,2024-01-01__2025-07-20.csv
googleadwords_int,21408403668,1,0,0,2024-01-01__2025-07-20.csv
Facebook Ads,RetentionRestructure - Trialist - Retention,1,0,0,2024-01-01__2025-07-20.csv
googleadwords_int,Shoptimised | Incremental | Performance Max | Valentines | ACQ,1,0,0,2024-01-01__2025-07-20.csv
ecosia_organic_seo,flower-and-plants,1,0,1,2024-01-01__2025-07-20.csv
google_organic_seo,over-30,1,0,1,2024-01-01__2025-07-20.csv
Facebook Ads,Brand_consideration_2305,1,0,0,2024-01-01__2025-07-20.csv
google_organic_seo,Valentines Day Flowers,1,0,1,2024-01-01__2025-07-20.csv
google_organic_seo,fathers-day-foodie,1,0,1,2024-01-01__2025-07-20.csv
googleadwords_int,22394221193,1,0,0,2024-01-01__2025-07-20.csv
googleadwords_int,SER|RET|Faith - EX,1,0,0,2024-01-01__2025-07-20.csv
googleadwords_int,SHP|RET|Valentine's Day 24,1,0,0,2024-01-01__2025-07-20.csv
Facebook Ads,Brand_consideration_23/06,1,0,0,2024-01-01__2025-07-20.csv
googleadwords_int,fathers-day-foodie,1,0,0,2024-01-01__2025-07-20.csv
Facebook Ads,Spring24A - Interests - costgoal test (B) - Acquisition – Copy,1,0,0,2024-01-01__2025-07-20.csv
Facebook Ads,Brand25 - coles - INFLUENCER,1,0,0,2024-01-01__2025-07-20.csv
googleadwords_int,SHP|ACQ|Gifts - Spring 24,1,68662,396,2024-01-01__2025-07-20.csv
Facebook Ads,NewYear24 - Style - Acquisition,1,0,0,2024-01-01__2025-07-20.csv
impact,YieldKit GmbH,1,1,2,2024-01-01__2025-07-20.csv
Facebook Ads,Vday25 - Flowers - Retention,1,0,0,2024-01-01__2025-07-20.csv
Facebook Ads,Mday25 - what women want - BRAND,1,0,0,2024-01-01__2025-07-20.csv
googleadwords_int,SHP|ACQ|Mother's Day - Gifts,1,0,0,2024-01-01__2025-07-20.csv
Facebook Ads,Brand_consideration_0106,1,0,0,2024-01-01__2025-07-20.csv
googleadwords_int,22845856522,1,0,0,2025-07-21__2025-08-19.csv
Facebook Ads,Brand_consideration_29/07,1,0,0,2025-07-21__2025-08-19.csv
googleadwords_int,22807083839,1,0,0,2025-07-21__2025-08-19.csv
website-thortful,None,0,0,5,2024-01-01__2025-07-20.csv
website-thortful,testlukeMDAY,0,0,1,2024-01-01__2025-07-20.csv
website-thortful,web-PDP-download-CTA-fday,0,0,1,2024-01-01__2025-07-20.csv
emarsys,Copy of AUTOMATION_G_PROSPECT_1_2023,0,1,0,2024-01-01__2025-07-20.csv
af_banner,af_banner_campaign,0,0,0,2024-01-01__2025-07-20.csv
my_media_source,None,0,0,6,2024-01-01__2025-07-20.csv
emarsys,20240130_1137_AUTOMATION_G_EVERGREENWINBACK_NEW_APR23,0,0,0,2024-01-01__2025-07-20.csv
Facebook Ads,acquisition_Valentines24_styles,0,1,0,2024-01-01__2025-07-20.csv
Facebook Ads,acquisition_Valentines24_dynamic,0,2,0,2024-01-01__2025-07-20.csv
attentive,fullscreen_homepage_test1,0,0,0,2024-01-01__2025-07-20.csv
meta-test,testing-appsflyer-deeplink,0,0,2,2024-01-01__2025-07-20.csv
emarsys,Copy of Send2_2023 Abandon Basket Test Deeplink,0,1,0,2024-01-01__2025-07-20.csv
emarsys,20240130_1137_AUTOMATION_G_EVERGREENWINBACK_CARDIESTEST_AUG23_EMSMS,0,0,0,2024-01-01__2025-07-20.csv
Social_facebook,retention_mday24,0,0,1,2024-01-01__2025-07-20.csv
emarsys,App Stores Download Button,0,0,0,2025-07-21__2025-08-19.csv
